Product ID|Active (0/1)|Name *|Categories (x,y,z...)|Price|Налог ID|Оптовая цена|Распродажа (0/1)|Величина скидки|Процент скидки|Скидка с (yyyy-mm-dd)|Скидка по (yyyy-mm-dd)|Артикул|Артикул поставщика|Поставщик|Производитель|R1|R2|R3|Штрих EAN13|Штрих EAN13|Штрих EAN13|Штрих UPC|Экол. налог|Ширина|Высота|Глубина|Вес|Кол-во|Мин. кол-во|Видимость|Доп расходы доставка|Ед. изм|Ед. изм Пост|К-нт передачи|Текст фасовки|Страна происх.|Сертификат|Сертификат полный|ГТД|Ед. изм 2|Цена|Короткое описание|Описание|Метки (x,y,z...)|Meta title|Meta keywords|Meta description|URL rewritten|Текст в наличии|Текст на заказ|Доступен (0/1)|Дата доступен|Дата создания|Отображать цену (0/1)|URL фото (x,y,z...)|Удалить фото (0/1)|Характеристика (Name:Value:Position)|Доступен только онлайн (0/1)|Состояние|Настраиваемый (0 = No, 1 = Yes)|Загружаемые файлы (0 = No, 1 = Yes)|Текстовые поля (0 = No, 1 = Yes)|Действия когда нет в наличии|ID магазина|Расширенное управление (0 = No, 1 = Yes)|Количество (0 = Страница, 1 = Склад)|Склад ID
1732|1|Световое фейерверк-шоу "Волшебный фонарь"  (игрушк|21|1018.50|0|869.00||||||2170|2170|1|0|1|1|4||||||0.000000|0.000000|0.000000|0.000000||1|||0|0|1|за 1 шт.|2|                    | .  .    -  .  .                                                                                                                                                                                                                                          |                         ||||<br><BR>||||||||1|||1|http://ogonek.beget.tech/images/2170.jpg|1|||new||||2|1^4^5^6|1|1|
1733|1|Световая бенгальская свеча "Звёздная пыль" (игрушк|21|147.87|0|140.00||||||2402|2402|1|0|1|1|36||||||0.000000|0.000000|0.000000|0.000000||1|||0|0|1|за 1 шт.|2|                    | .  .    -  .  .                                                                                                                                                                                                                                          |                         ||||<br><BR>||||||||1|||1|http://ogonek.beget.tech/images/2402.jpg|1|||new||||2|1^4^5^6|1|1|
1734|1|Светящаяся ракета "Дракон" (игрушка "Dragonfire Ni|21|636.13|0|594.50||||||2406|2406|1|0|1|1|6||||||0.000000|0.000000|0.000000|0.000000||1|||0|0|1|за 1 шт.|2|                    | .  .    -  .  .                                                                                                                                                                                                                                          |                         ||||<br><BR>||||||||1|||1|http://ogonek.beget.tech/images/2406.jpg|1|||new||||2|1^4^5^6|1|1|
1735|1|Помповый бластер "Римская свеча" (игровой набор "R|21|636.13|0|523.70||||||2408|2408|1|0|1|1|6||||||0.000000|0.000000|0.000000|0.000000||1|||0|0|1|за 1 шт.|2|                    | .  .    -  .  .                                                                                                                                                                                                                                          |                         ||||<br><BR>||||||||1|||1|http://ogonek.beget.tech/images/2408.jpg|1|||new||||2|1^4^5^6|1|1|
1736|1|Светящаяся ракета "Молния"|21|254.62|0|220.00||||||2410|2410|1|0|1|1|8||||||0.000000|0.000000|0.000000|0.000000||1|||0|0|1|за 1 шт.|2|                    | .  .    -  .  .                                                                                                                                                                                                                                          |                         ||||<br><BR>||||||||1|||1|http://ogonek.beget.tech/images/2410.jpg|1|||new||||2|1^4^5^6|1|1|
1737|1|Шоу "Весёлая карусель"|21|381.50|0|351.90||||||2412|2412|1|0|1|1|20||||||0.000000|0.000000|0.000000|0.000000||1|||0|0|1|за 1 шт.|2|                    | .  .    -  .  .                                                                                                                                                                                                                                          |                         ||||<br><BR>||||||||1|||1|http://ogonek.beget.tech/images/2412.jpg|1|||new||||2|1^4^5^6|1|1|
1738|1|Свистящие шары "Весёлый проныра" (игровой набор "S|21|381.50|0|330.00||||||2415|2415|1|0|1|1|6||||||0.000000|0.000000|0.000000|0.000000||1|||0|0|1|за 1 шт.|2|                    | .  .    -  .  .                                                                                                                                                                                                                                          |                         ||||<br><BR>||||||||1|||1|http://ogonek.beget.tech/images/2415.jpg|1|||new||||2|1^4^5^6|1|1|
1740|1|Шоу конусных фонтанов "Огненная фантазия" (игровой|21|1315.12|0|999.00||||||2451|2451|1|0|1|1|4||||||0.000000|0.000000|0.000000|0.000000||1|||0|0|1|за 1 шт.|2|                    | .  .    -  .  .                                                                                                                                                                                                                                          |                         ||||<br><BR>||||||||1|||1|http://ogonek.beget.tech/images/2451.jpg|1|||new||||2|1^4^5^6|1|1|
2107|1|Ха-ра-шо!|9^71^88^114^116|499.00|0|499.00||||||Е-С226|Е-С226|1|2|1|1|24||||||12.000000|10.000000|10.000000|0.750000||1|||0|0|1|за 1 шт.|1|ЩШ01.А.00008        |ЩШ01.А.00008 0464024 ООО "ИЦ "ПИРОТЕСТ" ООО "Русский фейерверк" RP-01/16 от 02.02.2016 29.11.2016-28.11.2019                                                                                                                                              |10130080/210416/0013425  |||4 эффекта:<BR><BR>1. Красная сфера (пион) и облако трещащих разрывов (трещащий дождь).<BR><BR>2. Зеленая сфера (пион) и облако трещащих разрывов (трещащий дождь).<BR><BR>3. Синяя сфера (пион) и облако трещащих разрывов (трещащий дождь).<BR><BR>4. Красно-желтая сфера (пион) и облако трещащих разрывов (трещащий дождь).|4 эффекта:<BR><BR>1. Красная сфера (пион) и облако трещащих разрывов (трещащий дождь).<BR><BR>2. Зеленая сфера (пион) и облако трещащих разрывов (трещащий дождь).<BR><BR>3. Синяя сфера (пион) и облако трещащих разрывов (трещащий дождь).<BR><BR>4. Красно-желтая сфера (пион) и облако трещащих разрывов (трещащий дождь).<br><BR><iframe width="560" height="315" src="https://www.youtube.com/embed/91CfUCR4cMQ?rel=0" frameborder="0" allowfullscreen></iframe>||||||||1|||1|http://ogonek.beget.tech/images/e-c226.jpg|1|Количество залпов:16:1^Калибр, дюйм:0.8:2^Высота, м.:35:3^Время, сек.:18:4||new||||2|1^4^5^6|1|1|
2111|1|Любовь морковь|9^71^73^81^82^88^114^120|2960.00|0|2960.00||||||Е-С250|Е-С250|1|1|1|1|6||||||27.500000|12.500000|15.000000|2.500000||1|||0|0|1|за 1 шт.|1|МН09.А.00183        |МН09.А.00183 0333416 НПК "ТехСервис" ООО "Русский фейерверк" RR-01/15 от 05.02.2015 08.12.2015-07.12.2018                                                                                                                                                 |10130080/230615/0014265  |||1. Красная звезда разрывается красными и белыми мерцающими звездами. 2. Зеленая звезда разрывается фиолетовыми и зелеными звездами. 3. Серебряная звезда разрывается серебряными и золотыми мерцающими звездами. 4. Красная звезда разрывается красными звездами с золотыми хвостами. 5. Зеленая звезда разрывается зелеными звездами с золотыми хвостами. 6. Залп золотых трещащих разрывов.|1. Красная звезда разрывается красными и белыми мерцающими звездами. 2. Зеленая звезда разрывается фиолетовыми и зелеными звездами. 3. Серебряная звезда разрывается серебряными и золотыми мерцающими звездами. 4. Красная звезда разрывается красными звездами с золотыми хвостами. 5. Зеленая звезда разрывается зелеными звездами с золотыми хвостами. 6. Залп золотых трещащих разрывов.<br><BR><iframe width="560" height="315" src="https://www.youtube.com/embed/imK3DBIqLkM?rel=0" frameborder="0" allowfullscreen></iframe>||||||||1|||1|http://ogonek.beget.tech/images/е-с250.jpg|1|Количество залпов:66:1^Калибр, дюйм:0.8:2^Высота, м.:35:3^Время, сек.:60:4||new||||2|1^4^5^6|1|1|
2112|1|Ба-бах!|9^73^114^117^117^117|840.00|0|840.00||||||Е-С258|Е-С258|1|2|1|1|12||||||12.500000|12.000000|12.000000|1.333333||1|||0|0|1|за 1 шт.|1|ЩШ01.А.00027        |ЩШ01.А.00027 0464045 ООО "Испытательный центр "ПИРОТЕСТ" ООО "Русский фейерверк" RR-01/17 от 17.01.2017 22.08.2017-21.08.2020                                                                                                                             |10130080/210416/0013425  |||5 эффектов:<BR><BR>1. Разрыв красными звездами с пышными хвостами (кокос) и синие огни.<BR><BR>2. Красно-фиолетово-зеленая сфера (пион).<BR><BR>3-4. Выстреливает подряд:<BR><BR>Разрыв серебряными звездами с пышными хвостами (кокос) и синяя сфера (пион).<BR><BR>Белое мерцание и облако трещащих разрывов (трещащий дождь).<BR><BR>5. Красочная концовка: Множество серебряных ниспадающих нитей (парча) и белое мерцание.|5 эффектов:<BR><BR>1. Разрыв красными звездами с пышными хвостами (кокос) и синие огни.<BR><BR>2. Красно-фиолетово-зеленая сфера (пион).<BR><BR>3-4. Выстреливает подряд:<BR><BR>Разрыв серебряными звездами с пышными хвостами (кокос) и синяя сфера (пион).<BR><BR>Белое мерцание и облако трещащих разрывов (трещащий дождь).<BR><BR>5. Красочная концовка: Множество серебряных ниспадающих нитей (парча) и белое мерцание.<br><BR><iframe width="560" height="315" src="https://www.youtube.com/embed/zKqQwJ4TMl8?rel=0" frameborder="0" allowfullscreen></iframe>||||||||1|||1|http://ogonek.beget.tech/images/ес258.jpg|1|Количество залпов:25:1^Калибр, дюйм:0.8:2^Высота, м.:35:3^Время, сек.:35:4||new||||2|1^4^5^6|1|1|
2123|1|Драйв|9^73^114^116|950.00|0|950.00||||||Е-С350|Е-С350|1|0|1|1|16||||||0.000000|0.000000|0.000000|1.125000||1|||0|0|1|за 1 шт.|2|ЩШ01.А.00027        |ЩШ01.А.00027 0464045 ООО "Испытательный центр "ПИРОТЕСТ" ООО "Русский фейерверк" RR-01/17 от 17.01.2017 22.08.2017-21.08.2020                                                                                                                             |                         ||||<br><BR>||||||||1|||1|http://ogonek.beget.tech/images/е-с350.jpg|1|Количество залпов:16:1^Калибр, дюйм:1:2^Время, сек.:0:4||new||||2|1^4^5^6|1|1|
2130|1|Полный песец|9^71^73^88^114^116|992.00|0|992.00||||||Е-С440|Е-С440|1|2|1|1|12||||||15.000000|13.700000|15.000000|1.333333||1|||0|0|1|за 1 шт.|1|ЩШ01.А.00027        |ЩШ01.А.00027 0464045 ООО "Испытательный центр "ПИРОТЕСТ" ООО "Русский фейерверк" RR-01/17 от 17.01.2017 22.08.2017-21.08.2020                                                                                                                             |10130080/210416/0013425  |||5 эффектов:<BR><BR>1. Разрыв красными звездами с пышными хвостами (кокос) и белое мерцание.<BR><BR>2. Разрыв зелеными звездами с пышными хвостами (кокос) с треском.<BR><BR>3. Фиолетово-зеленое мерцание (пион).<BR><BR>4. Красно-синий сферический разрыв (пион) и облако трещащих разрывов (трещащий дождь).<BR><BR>5. Красочная концовка: Множество серебряных ниспадающих нитей (парча) и красное мерцание.|5 эффектов:<BR><BR>1. Разрыв красными звездами с пышными хвостами (кокос) и белое мерцание.<BR><BR>2. Разрыв зелеными звездами с пышными хвостами (кокос) с треском.<BR><BR>3. Фиолетово-зеленое мерцание (пион).<BR><BR>4. Красно-синий сферический разрыв (пион) и облако трещащих разрывов (трещащий дождь).<BR><BR>5. Красочная концовка: Множество серебряных ниспадающих нитей (парча) и красное мерцание.<br><BR><iframe width="560" height="315" src="https://www.youtube.com/embed/y8aoLfrBSm4?rel=0" frameborder="0" allowfullscreen></iframe>||||||||1|||1|http://ogonek.beget.tech/images/ес440.jpg|1|Количество залпов:19:1^Калибр, дюйм:1:2^Высота, м.:45:3^Время, сек.:35:4||new||||2|1^4^5^6|1|1|
2134|1|Есть контакт! (1''x25) МОНОБЛОК|9^76^114^117^117|1110.00|0|1110.00||||||Е-С463|Е-С463|1|2|1|1|12||||||15.000000|14.000000|17.000000|0.000000||1|||0|0|1|за 1 шт.|1|                    | .  .    -  .  .                                                                                                                                                                                                                                          |10130080/110517/0003320  |||4 эффекта:<BR><BR>1. Множество серебряных ниспадающих нитей (парча) с красными звездами на концах и белое мерцание.<BR><BR>2. Множество серебряных ниспадающих нитей (парча) c зелеными звездами на концах и белое мерцание.<BR><BR>3. Множество серебряных ниспадающих нитей (парча) с синими звездами на концах и белое мерцание.<BR><BR>4. Красочная концовка: Красно-зеленые звезды с пышными хвостами (кокос) и облако трещащих разрывов (трещащий дождь).|4 эффекта:<BR><BR>1. Множество серебряных ниспадающих нитей (парча) с красными звездами на концах и белое мерцание.<BR><BR>2. Множество серебряных ниспадающих нитей (парча) c зелеными звездами на концах и белое мерцание.<BR><BR>3. Множество серебряных ниспадающих нитей (парча) с синими звездами на концах и белое мерцание.<BR><BR>4. Красочная концовка: Красно-зеленые звезды с пышными хвостами (кокос) и облако трещащих разрывов (трещащий дождь).<br><BR><iframe width="560" height="315" src="https://www.youtube.com/embed/SPeParrgCqo?rel=0" frameborder="0" allowfullscreen></iframe>||||||||1|||1|http://ogonek.beget.tech/images/ес463.jpg|1|Количество залпов:25:1^Калибр, дюйм:1:2^Высота, м.:40:3^Время, сек.:30:4||new||||2|1^4^5^6|1|1|
2137|1|За Новый год|9^71^73^78^114^119|2590.00|0|2590.00||||||Е-С501|Е-С501|1|2|1|1|4||||||17.500000|17.500000|23.500000|4.126625||1|||0|0|1|за 1 шт.|1|ЩШ01.А.00027        |ЩШ01.А.00027 0464045 ООО "Испытательный центр "ПИРОТЕСТ" ООО "Русский фейерверк" RR-01/17 от 17.01.2017 22.08.2017-21.08.2020                                                                                                                             |10130080/210416/0013425  |||8 эффектов:<BR><BR>1. Красные звезды с пышными хвостами (кокос) и белое мерцание.<BR><BR>2. Сине-золотая мерцающая сфера (пион).<BR><BR>3. Оранжевые звезды с пышными хвостами (кокос) и зеленое мерцание.<BR><BR>4. Фиолетовая сфера (пион) и облако трещащих разрывов (трещащий дождь).<BR><BR>5. Серебряные звезды с пышными хвостами (кокос) и синие звезды.<BR><BR>6. ЗАЛП: Золотые нити и синие звезды.<BR><BR>7. ЗАЛП: Золотые нити и зеленые звезды.<BR><BR>8. ЗАЛП: Множество серебряных ниспадающих нитей (парча) и красное мерцание.|8 эффектов:<BR><BR>1. Красные звезды с пышными хвостами (кокос) и белое мерцание.<BR><BR>2. Сине-золотая мерцающая сфера (пион).<BR><BR>3. Оранжевые звезды с пышными хвостами (кокос) и зеленое мерцание.<BR><BR>4. Фиолетовая сфера (пион) и облако трещащих разрывов (трещащий дождь).<BR><BR>5. Серебряные звезды с пышными хвостами (кокос) и синие звезды.<BR><BR>6. ЗАЛП: Золотые нити и синие звезды.<BR><BR>7. ЗАЛП: Золотые нити и зеленые звезды.<BR><BR>8. ЗАЛП: Множество серебряных ниспадающих нитей (парча) и красное мерцание.<br><BR><iframe width="560" height="315" src="https://www.youtube.com/embed/TEA84pAUtEo?rel=0" frameborder="0" allowfullscreen></iframe>||||||||1|||1|http://ogonek.beget.tech/images/ес501.jpg|1|Количество залпов:48:1^Калибр, дюйм:1:2^Высота, м.:45:3^Время, сек.:45:4||new||||2|1^4^5^6|1|1|
2144|1|По поводу|9^71^78^114^116|1616.00|0|1616.00||||||Е-С640|Е-С640|1|2|1|1|6||||||22.500000|16.000000|17.500000|1.914617||1|||0|0|1|за 1 шт.|1|ЩШ01.А.00026        |ЩШ01.А.00026 0464043 ООО "Испытательный центр "ПИРОТЕСТ" ООО "Русский фейерверк" RR-01/17 от 17.01.2017 11.08.2017-10.08.2020                                                                                                                             |10130080/210416/0013425  |||6 эффектов:<BR><BR>1. Комета с хвостом разрывается красными звездами с пышными хвостами (кокос) и белым мерцанием.<BR><BR>2. Множество золотых нитей (парча) с переходом в белые хвосты (кокос).<BR><BR>3. Серебряные хаотично разлетающиеся звезды (рыбки).<BR><BR>4-6. Красочная концовка. Выстреливает подряд:<BR><BR>Красный разрыв и облако трещащих разрывов (трещащий дождь).<BR><BR>Зеленый разрыв и облако трещащих разрывов (трещащий дождь).<BR><BR>Синий разрыв и облако трещащих разрывов (трещащий дождь).|6 эффектов:<BR><BR>1. Комета с хвостом разрывается красными звездами с пышными хвостами (кокос) и белым мерцанием.<BR><BR>2. Множество золотых нитей (парча) с переходом в белые хвосты (кокос).<BR><BR>3. Серебряные хаотично разлетающиеся звезды (рыбки).<BR><BR>4-6. Красочная концовка. Выстреливает подряд:<BR><BR>Красный разрыв и облако трещащих разрывов (трещащий дождь).<BR><BR>Зеленый разрыв и облако трещащих разрывов (трещащий дождь).<BR><BR>Синий разрыв и облако трещащих разрывов (трещащий дождь).<br><BR><iframe width="560" height="315" src="https://www.youtube.com/embed/jBRPx04WYlY?rel=0" frameborder="0" allowfullscreen></iframe>||||||||1|||1|http://ogonek.beget.tech/images/ес640.jpg|1|Количество залпов:19:1^Калибр, дюйм:1.2:2^Высота, м.:50:3^Время, сек.:35:4||new||||2|1^4^5^6|1|1|
2148|1|По-нашему! (1,25''x36) МОНОБЛОК|9^76^114^118|2412.00|0|2412.00||||||Е-С680|Е-С680|1|2|1|1|4||||||22.000000|19.400000|23.400000|0.000000||1|||0|0|1|за 1 шт.|1|                    | .  .    -  .  .                                                                                                                                                                                                                                          |10130080/110517/0003320  |||6 эффектов:<BR><BR>1. Красно-синяя сфера (пион) и белое мерцание.<BR><BR>2. Трещащая комета разрывается красно-синей сферой (пион) и облаком треска (трещащая хризантема).<BR><BR>3. Сине-фиолетовая сфера (пион) и белое мерцание.<BR><BR>4. Трещащая комета разрывается зелено-фиолетовой сферой (пион) и облаком треска (трещащая хризантема).<BR><BR>5. Желто- фиолетовая сфера (пион) и белое мерцание.<BR><BR>6. Красная сфера (пион) и облако треска (трещащая хризантема).|6 эффектов:<BR><BR>1. Красно-синяя сфера (пион) и белое мерцание.<BR><BR>2. Трещащая комета разрывается красно-синей сферой (пион) и облаком треска (трещащая хризантема).<BR><BR>3. Сине-фиолетовая сфера (пион) и белое мерцание.<BR><BR>4. Трещащая комета разрывается зелено-фиолетовой сферой (пион) и облаком треска (трещащая хризантема).<BR><BR>5. Желто- фиолетовая сфера (пион) и белое мерцание.<BR><BR>6. Красная сфера (пион) и облако треска (трещащая хризантема).<br><BR><iframe width="560" height="315" src="https://www.youtube.com/embed/rNY7FEhsrkw?rel=0" frameborder="0" allowfullscreen></iframe>||||||||1|||1|http://ogonek.beget.tech/images/ес680.jpg|1|Количество залпов:36:1^Калибр, дюйм:1.25:2^Высота, м.:45:3^Время, сек.:40:4||new||||2|1^4^5^6|1|1|
2242|1|Хлопающие шары|3^39^39|482.00|0|424.80||||||Р1030|Р1030|1|0|6|12|16||||||0.000000|0.000000|0.000000|0.250000||1|||2|2|1|за 1 бл. из 12 уп. по 6 шт.|1|ЩШ01.А.0029         |ЩШ01.А.0029 0464047 ООО "ИЦ "ПИРОТЕСТ" ООО "Русский фейерверк" RR-01/17 от 17.01.2017 12.09.2017-11.09.2020                                                                                                                                               |                         |уп.|40.17||<br><BR>||||||||1|||1|http://ogonek.beget.tech/images/р1030.jpg|1|||new||||2|1^4^5^6|1|1|
2243|1|Связка-16|3^31^31^39^39|752.00|0|752.00||||||Р1040|Р1040|1|1|60|1|24||||||7.000000|0.800000|5.000000|0.916667||1|||1|1|1|за 1 уп. из 60 шт.|1|ЩШ01.А.00025        |ЩШ01.А.00025 0464042 ООО "Испытательный центр "ПИРОТЕСТ" ООО "Русский фейерверк" RR-01/17 от 17.01.2017 18.07.2017-17.07.2020                                                                                                                             |10130080/110516/0003320  |шт.|12.53|Хлопает 16 раз|Хлопает 16 раз<br><BR>||||||||1|||1|http://ogonek.beget.tech/images/р1040.jpg|1|||new||||2|1^4^5^6|1|1|
2244|1|Лимонка (с чекой)|3^32^32|326.00|0|325.20||||||Р1050|Р1050|1|1|12|1|60||||||14.000000|3.500000|12.500000|0.150000||1|||1|1|1|за 1 уп. из 12 шт.|1|СЗ25.А.00038        |СЗ25.А.00038 0155678 ООО "Северо-Западная НПЛ" ООО "Русский фейерверк" RR-01/16 от 02.02.2016 11.10.2016-10.10.2019                                                                                                                                       |10130080/230615/0014265  |шт.|27.17|хлопок петарды очень громкий и внушительный!|хлопок петарды очень громкий и внушительный!<br><BR><iframe width="420" height="315" src="https://www.youtube.com/embed/9GlOOBgJ2Mo?rel=0" frameborder="0" allowfullscreen></iframe>||||||||1|||1|http://ogonek.beget.tech/images/р1050.jpg|1|||new||||2|1^4^5^6|1|1|
2245|1|Бомба с чекой|3^32^32|380.00|0|380.00||||||Р1060|Р1060|1|1|6|1|50||||||0.000000|0.000000|0.000000|0.320000||1|||1|1|1|за 1 уп. из 6 шт.|1|ЩШ01.А.00006        |ЩШ01.А.00006 0464022 ООО "ИЦ "ПИРОТЕСТ" ООО "Русский фейерверк" RP-01/16 от 02.02.2016 14.11.2016-13.11.2019                                                                                                                                              |10130080/110516/0003320  |шт.|63.33||<br><BR>||||||||1|||1|http://ogonek.beget.tech/images/p1060.jpg|1|||new||||2|1^4^5^6|1|1|
2246|1|Корсар 8 мини (O15 мм х 52 мм)|3^39^39|173.00|0|173.00||||||Р1080|Р1080|1|1|12|1|160||||||0.000000|0.000000|0.000000|0.125000||1|||1|1|1|за 1 уп. из 12 шт.|1|ЩШ01.А.0029         |ЩШ01.А.0029 0464047 ООО "ИЦ "ПИРОТЕСТ" ООО "Русский фейерверк" RR-01/17 от 17.01.2017 12.09.2017-11.09.2020                                                                                                                                               |10130080/110516/0003320  |шт.|14.42||<br><BR>||||||||1|||1|http://ogonek.beget.tech/images/p1080.jpg|1|||new||||2|1^4^5^6|1|1|
2247|1|Корсар 8|3^39^39|124.00|0|109.80||||||Р1082|Р1082|1|0|3|1|100||||||0.000000|0.000000|0.000000|0.200000||1|||1|1|1|за 1 уп. из 3 шт.|1|СЗ25.А.00038        |СЗ25.А.00038 0155678 ООО "Северо-Западная НПЛ" ООО "Русский фейерверк" RR-01/16 от 02.02.2016 11.10.2016-10.10.2019                                                                                                                                       |                         |шт.|41.33||<br><BR>||||||||1|||1|http://ogonek.beget.tech/images/p1082.png|1|||new||||2|1^4^5^6|1|1|
2248|1|Мега Корсар|3^39^39|211.00|0|193.50||||||Р1084|Р1084|1|1|3|1|100||||||20.000000|3.300000|3.300000|0.250000||1|||1|1|1|за 1 уп. из 3 шт.|1|ЩШ01.А.0029         |ЩШ01.А.0029 0464047 ООО "ИЦ "ПИРОТЕСТ" ООО "Русский фейерверк" RR-01/17 от 17.01.2017 12.09.2017-11.09.2020                                                                                                                                               |10130080/230615/0014265  |шт.|70.33|мощнейший взрыв, от которого закладывает уши!|мощнейший взрыв, от которого закладывает уши!<br><BR><iframe width="560" height="315" src="https://www.youtube.com/embed/gQFXRgGgNVA?rel=0" frameborder="0" allowfullscreen></iframe>||||||||1|||1|http://ogonek.beget.tech/images/р1084.jpg|1|||new||||2|1^4^5^6|1|1|
2249|1|Граната (корсар-8 с ручкой)|3^39^39|605.00|0|522.00||||||Р1090|Р1090|1|0|6|1|36||||||0.000000|0.000000|0.000000|0.500000||1|||1|1|1|за 1 уп. из 6 шт.|1|СЗ25.А.00038        |СЗ25.А.00038 0155678 ООО "Северо-Западная НПЛ" ООО "Русский фейерверк" RR-01/16 от 02.02.2016 11.10.2016-10.10.2019                                                                                                                                       |                         |шт.|100.83||<br><BR>||||||||1|||1|http://ogonek.beget.tech/images/p1090.jpg|1|||new||||2|1^4^5^6|1|1|
2250|1|Корсар 1|3^40^40|498.00|0|403.20||||||Р1106|Р1106|1|1|60|12|20||||||0.000000|0.000000|0.000000|0.850000||1|||2|2|1|за 1 бл. из 12 уп. по 60 шт.|1|ЩШ01.А.00025        |ЩШ01.А.00025 0464042 ООО "Испытательный центр "ПИРОТЕСТ" ООО "Русский фейерверк" RR-01/17 от 17.01.2017 18.07.2017-17.07.2020                                                                                                                             |10130080/230413/0001772  |уп.|41.50||<br><BR>||||||||1|||1|http://ogonek.beget.tech/images/р1106.jpg|1|||new||||2|1^4^5^6|1|1|
2251|1|Корсар 2|3^40^40|462.00|0|462.00||||||Р1202|Р1202|1|1|20|15|25||||||27.500000|6.000000|8.500000|0.840000||1|||2|2|1|за 1 бл. из 15 уп. по 20 шт.|1|ЩШ01.А.00026        |ЩШ01.А.00026 0464043 ООО "Испытательный центр "ПИРОТЕСТ" ООО "Русский фейерверк" RR-01/17 от 17.01.2017 11.08.2017-10.08.2020                                                                                                                             |10130080/230615/0014265  |уп.|30.80|взрываясь, дает громкий, акцентированный хлопок|взрываясь, дает громкий, акцентированный хлопок<br><BR><iframe width="560" height="315" src="https://www.youtube.com/embed/5XSXOYj3ToY?rel=0" frameborder="0" allowfullscreen></iframe>||||||||1|||1|http://ogonek.beget.tech/images/р1202.jpg|1|||new||||2|1^4^5^6|1|1|
2254|1|Корсар 4|3^40^40|695.00|0|676.80||||||Р1400|Р1400|1|0|12|12|16||||||0.000000|0.000000|0.000000|1.562500||1|||2|2|1|за 1 бл. из 12 уп. по 12 шт.|1|ЩШ01.А.00027        |ЩШ01.А.00027 0464045 ООО "Испытательный центр "ПИРОТЕСТ" ООО "Русский фейерверк" RR-01/17 от 17.01.2017 22.08.2017-21.08.2020                                                                                                                             |                         |уп.|57.92||<br><BR>||||||||1|||1|http://ogonek.beget.tech/images/р1400.jpg|1|||new||||2|1^4^5^6|1|1|
2258|1|Корсар 6 (O20 мм х 78 мм)|3^40|124.00|0|124.00||||||Р1600|Р1600|1|1|6|1|100||||||0.000000|0.000000|0.000000|0.170000||1|||1|1|1|за 1 уп. из 6 шт.|1|ЩШ01.А.0029         |ЩШ01.А.0029 0464047 ООО "ИЦ "ПИРОТЕСТ" ООО "Русский фейерверк" RR-01/17 от 17.01.2017 12.09.2017-11.09.2020                                                                                                                                               |10130080/110516/0003320  |шт.|20.67||<br><BR>||||||||1|||1|http://ogonek.beget.tech/images/p1600.jpg|1|||new||||2|1^4^5^6|1|1|
2261|1|Факел дымовой с чекой красный|17^94^94|1136.00|0|1136.00||||||Р1750|Р1750|1|1|4|1|18||||||0.000000|0.000000|0.000000|0.000000||1|||1|1|1|за 1 уп. из 4 шт.|1|ЩШ01.А.00008        |ЩШ01.А.00008 0464024 ООО "ИЦ "ПИРОТЕСТ" ООО "Русский фейерверк" RP-01/16 от 02.02.2016 29.11.2016-28.11.2019                                                                                                                                              |10130080/110516/0003320  |шт.|284.00||<br><BR><iframe width="560" height="315" src="https://www.youtube.com/embed/16pCmLt8dkU?rel=0" frameborder="0" allowfullscreen></iframe>||||||||1|||1|http://ogonek.beget.tech/images/р1750.jpg|1|||new||||2|1^4^5^6|1|1|
2262|1|Факел дымовой с чекой синий|17^94^94|1136.00|0|1136.00||||||Р1751|Р1751|1|1|4|1|18||||||0.000000|0.000000|0.000000|0.000000||1|||1|1|1|за 1 уп. из 4 шт.|1|ЩШ01.А.00008        |ЩШ01.А.00008 0464024 ООО "ИЦ "ПИРОТЕСТ" ООО "Русский фейерверк" RP-01/16 от 02.02.2016 29.11.2016-28.11.2019                                                                                                                                              |10130080/110516/0003320  |шт.|284.00||<br><BR>||||||||1|||1|http://ogonek.beget.tech/images/p1751.jpg|1|||new||||2|1^4^5^6|1|1|
2263|1|Факел дымовой с чекой белый|17^94^94|1136.00|0|1136.00||||||Р1752|Р1752|1|1|4|1|18||||||0.000000|0.000000|0.000000|0.000000||1|||1|1|1|за 1 уп. из 4 шт.|1|ЩШ01.А.00008        |ЩШ01.А.00008 0464024 ООО "ИЦ "ПИРОТЕСТ" ООО "Русский фейерверк" RP-01/16 от 02.02.2016 29.11.2016-28.11.2019                                                                                                                                              |10130080/110516/0003320  |шт.|284.00||<br><BR>||||||||1|||1|http://ogonek.beget.tech/images/p1752.jpg|1|||new||||2|1^4^5^6|1|1|
2264|1|Факел дымовой с чекой зеленый|17^94^94|1136.00|0|1136.00||||||Р1753|Р1753|1|1|4|1|18||||||0.000000|0.000000|0.000000|0.000000||1|||1|1|1|за 1 уп. из 4 шт.|1|ЩШ01.А.00008        |ЩШ01.А.00008 0464024 ООО "ИЦ "ПИРОТЕСТ" ООО "Русский фейерверк" RP-01/16 от 02.02.2016 29.11.2016-28.11.2019                                                                                                                                              |10130080/110516/0003320  |шт.|284.00||<br><BR>||||||||1|||1|http://ogonek.beget.tech/images/p1753.png|1|||new||||2|1^4^5^6|1|1|
2271|1|Пугач|4|567.00|0|460.80||||||Р2010|Р2010|1|1|12|12|25||||||27.300000|0.500000|4.000000|0.320000||1|||2|2|1|за 1 бл. из 12 уп. по 12 шт.|1|СЗ25.А.00038        |СЗ25.А.00038 0155678 ООО "Северо-Западная НПЛ" ООО "Русский фейерверк" RR-01/16 от 02.02.2016 11.10.2016-10.10.2019                                                                                                                                       |10130080/230615/0014265  |уп.|47.25|Взлетает со шлейфом, хлопает|Взлетает со шлейфом, хлопает<br><BR><iframe width="560" height="315" src="https://www.youtube.com/embed/WQv2INFM7mA?rel=0" frameborder="0" allowfullscreen></iframe>||||||||1|||1|http://ogonek.beget.tech/images/р2010.jpg|1|Высота, м.:20:3||new||||2|1^4^5^6|1|1|
2275|1|Ракета "Ассорти"|4^38^38|223.00|0|181.20||||||Р2300|Р2300|1|1|6|1|72||||||43.600000|1.500000|12.000000|0.138889||1|||1|1|1|за 1 уп. из 6 шт.|1|ЩШ01.А.00025        |ЩШ01.А.00025 0464042 ООО "Испытательный центр "ПИРОТЕСТ" ООО "Русский фейерверк" RR-01/17 от 17.01.2017 18.07.2017-17.07.2020                                                                                                                             |10130080/230615/0014265  |шт.|37.17|Набор ракет с различными эффектами: Взлетают со шлейфом, выстреливают красные, красно-зеленые или синие трещащие звезды|Набор ракет с различными эффектами: Взлетают со шлейфом, выстреливают красные, красно-зеленые или синие трещащие звезды<br><BR><iframe width="560" height="315" src="https://www.youtube.com/embed/Y06y-eYnbOQ?rel=0" frameborder="0" allowfullscreen></iframe>||||||||1|||1|http://ogonek.beget.tech/images/р2300.jpg|1|Высота, м.:30:3||new||||2|1^4^5^6|1|1|
2285|1|Ястреб|4|330.00|0|286.40||||||Р2440|Р2440|1|0|4|1|60||||||72.000000|2.100000|17.000000|0.283333||1|||1|1|1|за 1 уп. из 4 шт.|1|ЩШ01.А.00024        |ЩШ01.А.00024 046041 ООО "Испытательный центр "ПИРОТЕСТ" ООО "Русский фейерверк" RR-01/17 от 17.01.2017 12.07.2017-11.07.2020                                                                                                                              |                         |шт.|82.50|1. Разрыв серебряными хвостами с трещащими и мерцающими звездами.<BR><BR>2. Разрыв красно-зелеными звездами|1. Разрыв серебряными хвостами с трещащими и мерцающими звездами.<BR><BR>2. Разрыв красно-зелеными звездами<br><BR><iframe width="560" height="315" src="https://www.youtube.com/embed/xYB_YagI0d0?rel=0" frameborder="0" allowfullscreen></iframe>||||||||1|||1|http://ogonek.beget.tech/images/р2440.jpg|1|Высота, м.:30:3||new||||2|1^4^5^6|1|1|
2292|1|Метеор|4|956.00|0|1060.00||||||Р2600|Р2600|1|0|4|1|20||||||87.600000|4.100000|11.900000|0.650000||1|||1|1|1|за 1 уп. из 4 шт.|1|ЩШ01.А.00024        |ЩШ01.А.00024 046041 ООО "Испытательный центр "ПИРОТЕСТ" ООО "Русский фейерверк" RR-01/17 от 17.01.2017 12.07.2017-11.07.2020                                                                                                                              |                         |шт.|239.00|Набор ракет с различными эффектами: выстреливает множество мерцающих серебряных хвостов или облако трещащих искр и красные звезды с серебряными хвостами|Набор ракет с различными эффектами: выстреливает множество мерцающих серебряных хвостов или облако трещащих искр и красные звезды с серебряными хвостами<br><BR><iframe width="560" height="315" src="https://www.youtube.com/embed/Td-no7u8d5w?rel=0" frameborder="0" allowfullscreen></iframe>||||||||1|||1|http://ogonek.beget.tech/images/р2600.jpg|1|Высота, м.:60:3||new||||2|1^4^5^6|1|1|
2297|1|Огненные пчёлы|5^36^36|527.00|0|474.00||||||Р3010|Р3010|1|1|12|10|30||||||4.500000|2.800000|2.800000|0.266667||1|||2|2|1|за 1 бл. из 10 уп. по 12 шт.|1|ЩШ01.А.00027        |ЩШ01.А.00027 0464045 ООО "Испытательный центр "ПИРОТЕСТ" ООО "Русский фейерверк" RR-01/17 от 17.01.2017 22.08.2017-21.08.2020                                                                                                                             |10130080/230615/0014265  |уп.|52.70|Взлетает, жужжит, разбрасывает искры, вспыхивает зеленым огоньком|Взлетает, жужжит, разбрасывает искры, вспыхивает зеленым огоньком<br><BR><iframe width="560" height="315" src="https://www.youtube.com/embed/wIvq8rgRYOk?rel=0" frameborder="0" allowfullscreen></iframe>||||||||1|||1|http://ogonek.beget.tech/images/р3010.jpg|1|||new||||2|1^4^5^6|1|1|
2299|1|Солнечн. цветок|5^36^36|291.00|0|351.00||||||Р3100|Р3100|1|0|6|1|36||||||13.500000|5.900000|5.900000|0.333333||1|||1|1|1|за 1 уп. из 6 шт.|1|ЩШ01.А.00028        |ЩШ01.А.00028 046046 ООО "ИЦ "ПИРОТЕСТ" ООО "Русский фейерверк" RR-01/17 от 17.01.2017 12.09.2017-11.09.2020                                                                                                                                               |                         |шт.|48.50|Взлетает, выбрасывает золотой, красный, зеленый огненный зонтик, хлопает|Взлетает, выбрасывает золотой, красный, зеленый огненный зонтик, хлопает<br><BR><iframe width="560" height="315" src="https://www.youtube.com/embed/qvm_5DbEjZo?rel=0" frameborder="0" allowfullscreen></iframe>||||||||1|||1|http://ogonek.beget.tech/images/р3100.jpg|1|||new||||2|1^4^5^6|1|1|
2300|1|Лунный цветок|5^36^36|118.00|0|210.00||||||Р3110|Р3110|1|1|6|1|120||||||11.000000|6.900000|6.900000|0.116667||1|||1|1|1|за 1 уп. из 6 шт.|1|ЩШ01.А.00027        |ЩШ01.А.00027 0464045 ООО "Испытательный центр "ПИРОТЕСТ" ООО "Русский фейерверк" RR-01/17 от 17.01.2017 22.08.2017-21.08.2020                                                                                                                             |10130080/230615/0014265  |шт.|19.67||<br><BR><iframe width="560" height="315" src="https://www.youtube.com/embed/9HCXthHrxVY?rel=0" frameborder="0" allowfullscreen></iframe>||||||||1|||1|http://ogonek.beget.tech/images/р3110.jpg|1|||new||||2|1^4^5^6|1|1|
2301|1|Акробат|5^36^36|85.00|0|85.00||||||Р3200|Р3200|1|1|4|1|250||||||0.000000|0.000000|0.000000|0.072000||1|||1|1|1|за 1 уп. из 4 шт.|1|СЗ25.А.00031        |СЗ25.А.00031 0155671 ООО "Северо-Западная НПЛ" ООО "Русский фейерверк" RR-01/16 от 02.02.2016 06.10.2016-05.10.2019                                                                                                                                       |10130080/110516/0003320  |шт.|21.25||<br><BR>||||||||1|||1|http://ogonek.beget.tech/images/p3200.jpg|1|||new||||2|1^4^5^6|1|1|
2303|1|Веселый жук|5^35^35|690.00|0|560.52||||||Р3520|Р3520|1|0|6|12|20||||||5.300000|1.600000|1.600000|0.750000||1|||2|2|1|за 1 бл. из 12 уп. по 6 шт.|2|ЩШ01.А.0029         |ЩШ01.А.0029 0464047 ООО "ИЦ "ПИРОТЕСТ" ООО "Русский фейерверк" RR-01/17 от 17.01.2017 12.09.2017-11.09.2020                                                                                                                                               |                         |уп.|57.50|Вертится, образуя круг красного, зеленого, желтого огня|Вертится, образуя круг красного, зеленого, желтого огня<br><BR><iframe width="560" height="315" src="https://www.youtube.com/embed/x2F0liz4nsg?rel=0" frameborder="0" allowfullscreen></iframe>||||||||1|||1|http://ogonek.beget.tech/images/р3520.jpg|1|||new||||2|1^4^5^6|1|1|
2304|1|Супер жук|5^35^35|772.00|0|666.00||||||Р3530|Р3530|1|1|6|12|20||||||5.300000|1.600000|1.600000|0.750000||1|||2|2|1|за 1 бл. из 12 уп. по 6 шт.|1|ЩШ01.А.00027        |ЩШ01.А.00027 0464045 ООО "Испытательный центр "ПИРОТЕСТ" ООО "Русский фейерверк" RR-01/17 от 17.01.2017 22.08.2017-21.08.2020                                                                                                                             |10130080/230615/0014265  |уп.|64.33|Вертится, образуя круг красного, зеленого, желтого огня, хлопает|Вертится, образуя круг красного, зеленого, желтого огня, хлопает<br><BR><iframe width="560" height="315" src="https://www.youtube.com/embed/bthR1d1K3kY?rel=0" frameborder="0" allowfullscreen></iframe>||||||||1|||1|http://ogonek.beget.tech/images/р3530.jpg|1|||new||||2|1^4^5^6|1|1|
2312|1|Звёздная пыль (конус 6")|6^42|852.00|0|852.00||||||Р4066|Р4066|1|0|4|1|12||||||15.000000|7.000000|7.000000|0.958333||1|||1|1|1|за 1 уп. из 4 шт.|1|ЩШ01.А.00024        |ЩШ01.А.00024 046041 ООО "Испытательный центр "ПИРОТЕСТ" ООО "Русский фейерверк" RR-01/17 от 17.01.2017 12.07.2017-11.07.2020                                                                                                                              |                         |шт.|213.00|Золотые искры.<BR>Белые разлетающиеся трещащие искры, красные, зеленые огни.|Золотые искры.<BR>Белые разлетающиеся трещащие искры, красные, зеленые огни.<br><BR><iframe width="560" height="315" src="https://www.youtube.com/embed/ICwVShGsUzM?rel=0" frameborder="0" allowfullscreen></iframe>||||||||1|||1|http://ogonek.beget.tech/images/р4066.jpg|1|Высота, м.:1:3||new||||2|1^4^5^6|1|1|
2314|1|Мир фэнтези|6^42|872.00|0|175.00||||||Р4070|Р4070|1|1|4|1|18||||||20.000000|7.200000|7.200000|0.611111||1|||1|1|1|за 1 уп. из 4 шт.|1|ЩШ01.А.00028        |ЩШ01.А.00028 046046 ООО "ИЦ "ПИРОТЕСТ" ООО "Русский фейерверк" RR-01/17 от 17.01.2017 12.09.2017-11.09.2020                                                                                                                                               |10130080/230615/0014265  |шт.|218.00|Поток золотых и трещащих искр|Поток золотых и трещащих искр<br><BR><iframe width="560" height="315" src="https://www.youtube.com/embed/jDJeL6LNng8?rel=0" frameborder="0" allowfullscreen></iframe>||||||||1|||1|http://ogonek.beget.tech/images/р4070.jpg|1|Высота, м.:2:3||new||||2|1^4^5^6|1|1|
2319|1|Золотой вулкан|6^42|1260.00|0|1260.00||||||Р4110|Р4110|1|1|2|1|10||||||28.000000|9.400000|9.400000|1.800000||1|||1|1|1|за 1 уп. из 2 шт.|1|ЩШ01.А.00024        |ЩШ01.А.00024 046041 ООО "Испытательный центр "ПИРОТЕСТ" ООО "Русский фейерверк" RR-01/17 от 17.01.2017 12.07.2017-11.07.2020                                                                                                                              |10130080/230413/0001772  |шт.|630.00|Мощный поток золотых искр|Мощный поток золотых искр<br><BR><iframe width="560" height="315" src="https://www.youtube.com/embed/kfEmnA5A9wY?rel=0" frameborder="0" allowfullscreen></iframe>||||||||1|||1|http://ogonek.beget.tech/images/р4110.jpg|1|Высота, м.:6:3||new||||2|1^4^5^6|1|1|
2322|1|Веселый вулкан|6^42|692.00|0|675.00||||||Р4114|Р4114|1|0|1|1|20||||||28.000000|0.000000|9.400000|0.800000||1|||0|0|1|за 1 шт.|2|ЩШ01.А.00027        |ЩШ01.А.00027 0464045 ООО "Испытательный центр "ПИРОТЕСТ" ООО "Русский фейерверк" RR-01/17 от 17.01.2017 22.08.2017-21.08.2020                                                                                                                             |                         |||1. Поток золотых искр, белых трещащих вспышек, синих искр.<BR><BR>2. Поток золотых трещащих вспышек и красных, зеленых огней.|1. Поток золотых искр, белых трещащих вспышек, синих искр.<BR><BR>2. Поток золотых трещащих вспышек и красных, зеленых огней.<br><BR><iframe width="560" height="315" src="https://www.youtube.com/embed/-DzJuMVcXZ0?rel=0" frameborder="0" allowfullscreen></iframe>||||||||1|||1|http://ogonek.beget.tech/images/р4114.jpg|1|Высота, м.:3:3||new||||2|1^4^5^6|1|1|
2323|1|Волшебный вулкан|6^42|758.00|0|720.00||||||Р4115|Р4115|1|1|1|1|20||||||27.500000|9.800000|9.800000|0.750000||1|||0|0|1|за 1 шт.|1|ЩШ01.А.00024        |ЩШ01.А.00024 046041 ООО "Испытательный центр "ПИРОТЕСТ" ООО "Русский фейерверк" RR-01/17 от 17.01.2017 12.07.2017-11.07.2020                                                                                                                              |10130080/230615/0014265  |||1. Поток белых огней.<BR>2. Белые разлетающиеся вспышки и зеленые огни.<BR>3. Белые трещащие, разлетающиеся вспышки, красные, золотые, зеленые огни.<BR>4. Мощный поток белых трещащих искр|1. Поток белых огней.<BR>2. Белые разлетающиеся вспышки и зеленые огни.<BR>3. Белые трещащие, разлетающиеся вспышки, красные, золотые, зеленые огни.<BR>4. Мощный поток белых трещащих искр<br><BR><iframe width="560" height="315" src="https://www.youtube.com/embed/J9IBmA7L1RA?rel=0" frameborder="0" allowfullscreen></iframe>||||||||1|||1|http://ogonek.beget.tech/images/р4115.jpg|1|Высота, м.:5:3||new||||2|1^4^5^6|1|1|
2329|1|Арабская|6|205.00|0|270.00||||||Р4206|Р4206|1|0|4|1|72||||||12.000000|0.000000|2.200000|0.201389||1|||1|1|1|за 1 уп. из 4 шт.|2|ЩШ01.А.00026        |ЩШ01.А.00026 0464043 ООО "Испытательный центр "ПИРОТЕСТ" ООО "Русский фейерверк" RR-01/17 от 17.01.2017 11.08.2017-10.08.2020                                                                                                                             |                         |шт.|51.25|Набор фонтанов с различными эффектами<BR><BR>1. Поток золотых искр, красные и синие огни, крупные белые вспышки.<BR><BR>2. Поток золотых искр, зеленые и лимонные огни, треск.<BR><BR>3. Поток золотых искр, красные и зеленые огни, крупные белые вспышки.<BR><BR>4. Поток золотых искр, красные и лимонные огни, объемный треск.|Набор фонтанов с различными эффектами<BR><BR>1. Поток золотых искр, красные и синие огни, крупные белые вспышки.<BR><BR>2. Поток золотых искр, зеленые и лимонные огни, треск.<BR><BR>3. Поток золотых искр, красные и зеленые огни, крупные белые вспышки.<BR><BR>4. Поток золотых искр, красные и лимонные огни, объемный треск.<br><BR><iframe width="560" height="315" src="https://www.youtube.com/embed/ef2j3BJ11Mw?rel=0" frameborder="0" allowfullscreen></iframe>||||||||1|||1|http://ogonek.beget.tech/images/р4206.jpg|1|Высота, м.:2:3||new||||2|1^4^5^6|1|1|
2330|1|Театр кукол: Карабас, Буратино, Мальвина, Арлекин|6^43|286.00|0|286.00||||||Р4210|Р4210|1|1|4|1|36||||||14.500000|0.000000|4.800000|0.261111||1|||1|1|1|за 1 уп. из 4 шт.|1|ЩШ01.А.00026        |ЩШ01.А.00026 0464043 ООО "Испытательный центр "ПИРОТЕСТ" ООО "Русский фейерверк" RR-01/17 от 17.01.2017 11.08.2017-10.08.2020                                                                                                                             |10130080/110516/0003320  |шт.|71.50|Набор фонтанов с различными эффектами:<BR><BR>1. Поток золотых искр, красные и синие огни, золотой треск.<BR><BR>2. Поток золотых искр, фиолетовые и зеленые огни, крупные белые вспышки.<BR><BR>3. Поток золотых искр, красные и лимонные огни, треск.<BR><BR>4. Поток золотых искр, красные и зеленые огни, объемный треск.|Набор фонтанов с различными эффектами:<BR><BR>1. Поток золотых искр, красные и синие огни, золотой треск.<BR><BR>2. Поток золотых искр, фиолетовые и зеленые огни, крупные белые вспышки.<BR><BR>3. Поток золотых искр, красные и лимонные огни, треск.<BR><BR>4. Поток золотых искр, красные и зеленые огни, объемный треск.<br><BR><iframe width="560" height="315" src="https://www.youtube.com/embed/stfb20i25qo?rel=0" frameborder="0" allowfullscreen></iframe>||||||||1|||1|http://ogonek.beget.tech/images/р4210.jpg|1|Высота, м.:2:3||new||||2|1^4^5^6|1|1|
2331|1|Чародей|6|99.00|0|384.00||||||Р4213|Р4213|1|0|1|1|36||||||10.000000|0.000000|4.500000|0.222222||1|||1|1|1|за 1 уп. из 1 шт.|1|ЩШ01.А.00027        |ЩШ01.А.00027 0464045 ООО "Испытательный центр "ПИРОТЕСТ" ООО "Русский фейерверк" RR-01/17 от 17.01.2017 22.08.2017-21.08.2020                                                                                                                             |                         |шт.|99.00|1. Золотые искры и синие огни.<BR><BR>2. Поток золотых искр, крупные белые вспышки.<BR><BR>3. Поток золотых искр, объемный треск.|1. Золотые искры и синие огни.<BR><BR>2. Поток золотых искр, крупные белые вспышки.<BR><BR>3. Поток золотых искр, объемный треск.<br><BR><iframe width="560" height="315" src="https://www.youtube.com/embed/czfjTT3oOOI?rel=0" frameborder="0" allowfullscreen></iframe>||||||||1|||1|http://ogonek.beget.tech/images/р4213.jpg|1|Высота, м.:2:3||new||||2|1^4^5^6|1|1|
2337|1|3Д-Ёлка (3 эффекта + вспышки)|6|425.00|0|425.00||||||Р4350|Р4350|1|1|1|1|24||||||21.000000|0.000000|15.500000|0.250000||1|||0|0|1|за 1 шт.|1|ЩШ01.А.00024        |ЩШ01.А.00024 046041 ООО "Испытательный центр "ПИРОТЕСТ" ООО "Русский фейерверк" RR-01/17 от 17.01.2017 12.07.2017-11.07.2020                                                                                                                              |10130080/110516/0003320  |||1. Белые мерцающие вспышки, красные и зеленые огни.<BR><BR>2. Синие искры и крупные белые вспышки.<BR><BR>3. Красные, зеленые искры и объемный треск.<BR><BR>4. Мигающие красно-зеленые огни не ёлке|1. Белые мерцающие вспышки, красные и зеленые огни.<BR><BR>2. Синие искры и крупные белые вспышки.<BR><BR>3. Красные, зеленые искры и объемный треск.<BR><BR>4. Мигающие красно-зеленые огни не ёлке<br><BR><iframe width="560" height="315" src="https://www.youtube.com/embed/R3wCJl4v2dU?rel=0" frameborder="0" allowfullscreen></iframe>||||||||1|||1|http://ogonek.beget.tech/images/р4350.jpg|1|Высота, м.:2:3||new||||2|1^4^5^6|1|1|
2359|1|Настольный фонтан|6^106|1180.00|0|1195.20||||||Р4810|Р4810|1|1|4|20|12||||||9.000000|1.300000|1.300000|1.500000||1|||2|2|1|за 1 бл. из 20 уп. по 4 шт.|1|ЩШ01.А.00024        |ЩШ01.А.00024 046041 ООО "Испытательный центр "ПИРОТЕСТ" ООО "Русский фейерверк" RR-01/17 от 17.01.2017 12.07.2017-11.07.2020                                                                                                                              |10130080/230615/0014265  |уп.|59.00|Поток серебристых искр|Поток серебристых искр<br><BR><iframe width="560" height="315" src="https://www.youtube.com/embed/Mh_T8WaHIyU?rel=0" frameborder="0" allowfullscreen></iframe>||||||||1|||1|http://ogonek.beget.tech/images/р4810.jpg|1|||new||||2|1^4^5^6|1|1|
2367|1|Римская свеча-30|7^47^110^113|385.00|0|336.00||||||Р5080|Р5080|1|1|12|1|36||||||54.000000|1.200000|1.200000|0.527778||1|||1|1|1|за 1 уп. из 12 шт.|1|СЗ25.А.00031        |СЗ25.А.00031 0155671 ООО "Северо-Западная НПЛ" ООО "Русский фейерверк" RR-01/16 от 02.02.2016 06.10.2016-05.10.2019                                                                                                                                       |10130080/230615/0014265  |шт.|32.08|3 эффекта: 1. Красные звезды. 2. Зеленые звезды. 3. Оранжевые звезды (до 15 м)|3 эффекта: 1. Красные звезды. 2. Зеленые звезды. 3. Оранжевые звезды (до 15 м)<br><BR><iframe width="560" height="315" src="https://www.youtube.com/embed/2QddyXgzbT4?rel=0" frameborder="0" allowfullscreen></iframe>||||||||1|||1|http://ogonek.beget.tech/images/р5080.jpg|1|Количество залпов:30:1^Калибр, дюйм:0.3:2^Высота, м.:15:3^Время, сек.:0:4||new||||2|1^4^5^6|1|1|
2380|1|Маскарад|7^47^47^110^111|504.00|0|654.00||||||Р5510|Р5510|1|0|4|1|20||||||45.000000|0.000000|2.500000|0.600000||1|||1|1|1|за 1 уп. из 4 шт.|1|ЩШ01.А.00026        |ЩШ01.А.00026 0464043 ООО "Испытательный центр "ПИРОТЕСТ" ООО "Русский фейерверк" RR-01/17 от 17.01.2017 11.08.2017-10.08.2020                                                                                                                             |                         |шт.|126.00|3 эффекта:<BR><BR>1. Красные звезды с пышными хвостами (кокос) и треск.<BR><BR>2. Синяя сфера (пион) и облако треска (хризатема).<BR><BR>3. Сине- красная сфера (пион).|3 эффекта:<BR><BR>1. Красные звезды с пышными хвостами (кокос) и треск.<BR><BR>2. Синяя сфера (пион) и облако треска (хризатема).<BR><BR>3. Сине- красная сфера (пион).<br><BR><iframe width="560" height="315" src="https://www.youtube.com/embed/BdJ4lnsDl3o?rel=0" frameborder="0" allowfullscreen></iframe>||||||||1|||1|http://ogonek.beget.tech/images/р5510.jpg|1|Количество залпов:5:1^Калибр, дюйм:0.8:2^Высота, м.:20:3^Время, сек.:0:4||new||||2|1^4^5^6|1|1|
2381|1|Карнавал|7^47^47^110^111|536.00|0|654.00||||||Р5512|Р5512|1|0|4|1|20||||||48.000000|0.000000|2.600000|0.700000||1|||1|1|1|за 1 уп. из 4 шт.|2|ЩШ01.А.00024        |ЩШ01.А.00024 046041 ООО "Испытательный центр "ПИРОТЕСТ" ООО "Русский фейерверк" RR-01/17 от 17.01.2017 12.07.2017-11.07.2020                                                                                                                              |                         |шт.|134.00|3 эффекта:<BR><BR>1. Множество золотых ниспадающих нитей (парча).<BR><BR>2. Зеленая сфера (пион) и треск.<BR><BR>3. Белая мерцающая сфера (мерцающий пион).|3 эффекта:<BR><BR>1. Множество золотых ниспадающих нитей (парча).<BR><BR>2. Зеленая сфера (пион) и треск.<BR><BR>3. Белая мерцающая сфера (мерцающий пион).<br><BR><iframe width="560" height="315" src="https://www.youtube.com/embed/gDSBq21C_Cs?rel=0" frameborder="0" allowfullscreen></iframe>||||||||1|||1|http://ogonek.beget.tech/images/р5512.jpg|1|Количество залпов:5:1^Калибр, дюйм:0.8:2^Высота, м.:20:3^Время, сек.:0:4||new||||2|1^4^5^6|1|1|
2383|1|Барракуда (0,8"х5)|7^47^47^110^111|664.00|0|664.00||||||Р5516|Р5516|1|1|4|1|20||||||59.000000|0.000000|2.700000|0.950000||1|||1|1|1|за 1 уп. из 4 шт.|1|ЩШ01.А.00028        |ЩШ01.А.00028 046046 ООО "ИЦ "ПИРОТЕСТ" ООО "Русский фейерверк" RR-01/17 от 17.01.2017 12.09.2017-11.09.2020                                                                                                                                               |10130080/110516/0003320  |шт.|166.00|2 эффекта:<BR><BR>1. Множество серебряных ниспадающих нитей (парча) и красное мерцание.<BR><BR>2. Красные звезды с пышными хвостами (кокос), зелено-белая мерцающая сфера (пион) .|2 эффекта:<BR><BR>1. Множество серебряных ниспадающих нитей (парча) и красное мерцание.<BR><BR>2. Красные звезды с пышными хвостами (кокос), зелено-белая мерцающая сфера (пион) .<br><BR><iframe width="560" height="315" src="https://www.youtube.com/embed/IFlyzVHB9_Y?rel=0" frameborder="0" allowfullscreen></iframe>||||||||1|||1|http://ogonek.beget.tech/images/p5516.png|1|Количество залпов:5:1^Калибр, дюйм:0.8:2^Высота, м.:20:3^Время, сек.:0:4||new||||2|1^4^5^6|1|1|
2386|1|Фантазия|7^47^47^110^112|448.00|0|496.00||||||Р5540|Р5540|1|0|2|1|24||||||65.000000|0.000000|2.700000|0.541667||1|||1|1|1|за 1 уп. из 2 шт.|1|ЩШ01.А.00026        |ЩШ01.А.00026 0464043 ООО "Испытательный центр "ПИРОТЕСТ" ООО "Русский фейерверк" RR-01/17 от 17.01.2017 11.08.2017-10.08.2020                                                                                                                             |                         |шт.|224.00|4 эффекта:  <BR><BR>1. Сине-красно-зеленая сфера (пион).<BR><BR>2. Зеленые звезды с пышными хвостами (кокос) и треск.<BR><BR>3. Сине-зеленая сфера (пион) и белое мерцание.<BR><BR>4. Красно-синяя сфера и облако треска (хризантема).|4 эффекта:  <BR><BR>1. Сине-красно-зеленая сфера (пион).<BR><BR>2. Зеленые звезды с пышными хвостами (кокос) и треск.<BR><BR>3. Сине-зеленая сфера (пион) и белое мерцание.<BR><BR>4. Красно-синяя сфера и облако треска (хризантема).<br><BR><iframe width="560" height="315" src="https://www.youtube.com/embed/XlR6IQOlYEU?rel=0" frameborder="0" allowfullscreen></iframe>||||||||1|||1|http://ogonek.beget.tech/images/p5540.jpg|1|Количество залпов:8:1^Калибр, дюйм:0.9:2^Высота, м.:25:3^Время, сек.:0:4||new||||2|1^4^5^6|1|1|
2387|1|Хохлома|7^47^47^110^112|448.00|0|496.00||||||Р5541|Р5541|1|1|2|1|24||||||53.000000|3.400000|3.400000|0.541667||1|||1|1|1|за 1 уп. из 2 шт.|1|ЩШ01.А.00026        |ЩШ01.А.00026 0464043 ООО "Испытательный центр "ПИРОТЕСТ" ООО "Русский фейерверк" RR-01/17 от 17.01.2017 11.08.2017-10.08.2020                                                                                                                             |10130080/230615/0014265  |шт.|224.00|4 эффекта: 1. Красные сферы с белым мерцанием. 2. Зелено-фиолетовые сферы. 3. Красно-зеленые сферы. 4. Белые искристые хвосты.|4 эффекта: 1. Красные сферы с белым мерцанием. 2. Зелено-фиолетовые сферы. 3. Красно-зеленые сферы. 4. Белые искристые хвосты.<br><BR><iframe width="560" height="315" src="https://www.youtube.com/embed/w3mAEWwBUdk?rel=0" frameborder="0" allowfullscreen></iframe>||||||||1|||1|http://ogonek.beget.tech/images/р5541.jpg|1|Количество залпов:8:1^Калибр, дюйм:0.8:2^Высота, м.:25:3^Время, сек.:0:4||new||||2|1^4^5^6|1|1|
2399|1|Стрелец (1,0"х 8)|7^47^47^110^112|798.00|0|798.00||||||Р5602|Р5602|1|1|2|1|24||||||75.000000|0.000000|3.200000|0.875000||1|||1|1|1|за 1 уп. из 2 шт.|1|СЗ25.А.00038        |СЗ25.А.00038 0155678 ООО "Северо-Западная НПЛ" ООО "Русский фейерверк" RR-01/16 от 02.02.2016 11.10.2016-10.10.2019                                                                                                                                       |10130080/110516/0003320  |шт.|399.00|4 эффекта:<BR><BR>1. Зеленые разлетающиеся шуршащие кометы (паучки).<BR><BR>2. Множество золотых ниспадающих нитей (парча) и синие звезды.<BR><BR>3. Красные звезды с пышными хвостами (кокос).<BR><BR>4. Шуршащие хвосты (снежные хлопья).|4 эффекта:<BR><BR>1. Зеленые разлетающиеся шуршащие кометы (паучки).<BR><BR>2. Множество золотых ниспадающих нитей (парча) и синие звезды.<BR><BR>3. Красные звезды с пышными хвостами (кокос).<BR><BR>4. Шуршащие хвосты (снежные хлопья).<br><BR><iframe width="560" height="315" src="https://www.youtube.com/embed/rU0ReQXFBkI?rel=0" frameborder="0" allowfullscreen></iframe>||||||||1|||1|http://ogonek.beget.tech/images/p5602.png|1|Количество залпов:8:1^Калибр, дюйм:1:2^Высота, м.:30:3^Время, сек.:0:4||new||||2|1^4^5^6|1|1|
2400|1|Баккара (1,0"х 8)|7^47^47^110^112|798.00|0|798.00||||||Р5604|Р5604|1|1|2|1|24||||||75.000000|0.000000|3.200000|0.875000||1|||1|1|1|за 1 уп. из 2 шт.|1|СЗ25.А.00038        |СЗ25.А.00038 0155678 ООО "Северо-Западная НПЛ" ООО "Русский фейерверк" RR-01/16 от 02.02.2016 11.10.2016-10.10.2019                                                                                                                                       |10130080/110516/0003320  |шт.|399.00|4 эффекта:<BR><BR>1. Красно-зеленая сфера (пион) и множество серебряных ниспадающих нитей (парча).<BR><BR>2. Красно-зелено-белая мерцающая сфера (мерцающий пион) и облако треска (трещащий дождь).<BR><BR>3. Множество золотых ниспадающих нитей (парча), зеленые звезды и золотое мерцание.<BR><BR>4. Множество серебряных ниспадающих нитей (парча), белое мерцание и облако треска (трещащая хризантема).|4 эффекта:<BR><BR>1. Красно-зеленая сфера (пион) и множество серебряных ниспадающих нитей (парча).<BR><BR>2. Красно-зелено-белая мерцающая сфера (мерцающий пион) и облако треска (трещащий дождь).<BR><BR>3. Множество золотых ниспадающих нитей (парча), зеленые звезды и золотое мерцание.<BR><BR>4. Множество серебряных ниспадающих нитей (парча), белое мерцание и облако треска (трещащая хризантема).<br><BR><iframe width="560" height="315" src="https://www.youtube.com/embed/C62Unl6mXNU?rel=0" frameborder="0" allowfullscreen></iframe>||||||||1|||1|http://ogonek.beget.tech/images/p5604.jpg|1|Количество залпов:8:1^Калибр, дюйм:1:2^Высота, м.:30:3^Время, сек.:0:4||new||||2|1^4^5^6|1|1|
2401|1|Примадонна (1,0"х 8)|7^47^47^110^112|884.00|0|884.00||||||Р5606|Р5606|1|1|2|1|24||||||75.000000|0.000000|3.100000|0.750000||1|||1|1|1|за 1 уп. из 2 шт.|1|ЩШ01.А.00008        |ЩШ01.А.00008 0464024 ООО "ИЦ "ПИРОТЕСТ" ООО "Русский фейерверк" RP-01/16 от 02.02.2016 29.11.2016-28.11.2019                                                                                                                                              |10130080/110516/0003320  |шт.|442.00|4 эффекта:<BR><BR>1. Множество золотых ниспадающих нитей (парча) с красными звездами на концах и белое мерцание.<BR><BR>2. Множество золотых ниспадающих нитей (парча), зеленые огни и облако треска (трещащий дождь).<BR><BR>3. Зелено-красная мерцающая сфера (мерцающий пион).<BR><BR>4. Красные и зеленые звезды с пышными хвостами (кокос) и облако треска (трещащий дождь).|4 эффекта:<BR><BR>1. Множество золотых ниспадающих нитей (парча) с красными звездами на концах и белое мерцание.<BR><BR>2. Множество золотых ниспадающих нитей (парча), зеленые огни и облако треска (трещащий дождь).<BR><BR>3. Зелено-красная мерцающая сфера (мерцающий пион).<BR><BR>4. Красные и зеленые звезды с пышными хвостами (кокос) и облако треска (трещащий дождь).<br><BR><iframe width="560" height="315" src="https://www.youtube.com/embed/GAzv7d7hSuc?rel=0" frameborder="0" allowfullscreen></iframe>||||||||1|||1|http://ogonek.beget.tech/images/p5606.jpg|1|Количество залпов:8:1^Калибр, дюйм:1:2^Высота, м.:30:3^Время, сек.:0:4||new||||2|1^4^5^6|1|1|
2412|1|Хризантема|7^47^47^110^112|536.00|0|565.00||||||Р5726|Р5726|1|0|1|1|30||||||88.000000|0.000000|3.800000|0.666667||1|||0|0|1|за 1 шт.|1|ЩШ01.А.00027        |ЩШ01.А.00027 0464045 ООО "Испытательный центр "ПИРОТЕСТ" ООО "Русский фейерверк" RR-01/17 от 17.01.2017 22.08.2017-21.08.2020                                                                                                                             |                         |||4 эффекта:<BR><BR>1. Сине-красно-белая мерцающая сфера (пион).<BR><BR>2. Красно-зеленая сфера (пион) и облако треска (трещащая хризантема).<BR><BR>3. Красные и зеленые звезды с пышными хвостами (кокос).<BR><BR>4. Серебряные звезды с пышными хвостами (кокос) и облако треска (трещащая хризантема).|4 эффекта:<BR><BR>1. Сине-красно-белая мерцающая сфера (пион).<BR><BR>2. Красно-зеленая сфера (пион) и облако треска (трещащая хризантема).<BR><BR>3. Красные и зеленые звезды с пышными хвостами (кокос).<BR><BR>4. Серебряные звезды с пышными хвостами (кокос) и облако треска (трещащая хризантема).<br><BR><iframe width="560" height="315" src="https://www.youtube.com/embed/NpkuR4PRotQ?rel=0" frameborder="0" allowfullscreen></iframe>||||||||1|||1|http://ogonek.beget.tech/images/p5726.jpg|1|Количество залпов:8:1^Калибр, дюйм:1.2:2^Высота, м.:35:3^Время, сек.:0:4||new||||2|1^4^5^6|1|1|
2417|1|Альтаир|7^47^47^110^112|705.00|0|895.00||||||Р5800|Р5800|1|1|1|1|25||||||86.000000|4.000000|4.000000|0.800000||1|||0|0|1|за 1 шт.|1|ЩШ01.А.00027        |ЩШ01.А.00027 0464045 ООО "Испытательный центр "ПИРОТЕСТ" ООО "Русский фейерверк" RR-01/17 от 17.01.2017 22.08.2017-21.08.2020                                                                                                                             |10130080/230615/0014265  |||4 эффекта: 1. Красные звезды с золотыми хвостами. 2. Зеленые звезды с золотыми хвостами. 3. Фиолетовые звезды с золотыми хвостами. 4. Белые звезды с белыми хвостами.|4 эффекта: 1. Красные звезды с золотыми хвостами. 2. Зеленые звезды с золотыми хвостами. 3. Фиолетовые звезды с золотыми хвостами. 4. Белые звезды с белыми хвостами.<br><BR><iframe width="560" height="315" src="https://www.youtube.com/embed/V6-UCds16Hk?rel=0" frameborder="0" allowfullscreen></iframe>||||||||1|||1|http://ogonek.beget.tech/images/р5800.jpg|1|Количество залпов:8:1^Калибр, дюйм:1.5:2^Высота, м.:45:3^Время, сек.:0:4||new||||2|1^4^5^6|1|1|
2423|1|Матрёшка|8^58^58|699.00|0|499.00||||||Р6210|Р6210|1|1|1|1|15||||||27.500000|5.200000|5.200000|0.666667||1|||0|0|1|за 1 шт.|1|ЩШ01.А.0029         |ЩШ01.А.0029 0464047 ООО "ИЦ "ПИРОТЕСТ" ООО "Русский фейерверк" RR-01/17 от 17.01.2017 12.09.2017-11.09.2020                                                                                                                                               |10130080/230615/0014265  |||1. Разрыв красными зведами. 2. Разрыв зелеными звездами. 3. Разрыв белыми звездами.|1. Разрыв красными зведами. 2. Разрыв зелеными звездами. 3. Разрыв белыми звездами.<br><BR><iframe width="560" height="315" src="https://www.youtube.com/embed/V50z3UMvO4A?rel=0" frameborder="0" allowfullscreen></iframe>||||||||1|||1|http://ogonek.beget.tech/images/р6210.jpg|1|Количество залпов:6:1^Калибр, дюйм:1.7:2^Высота, м.:70:3^Время, сек.:0:4||new||||2|1^4^5^6|1|1|
2430|1|Салют наций|8^60|4170.00|0|4170.00||||||Р6290|Р6290|1|0|1|1|6||||||35.500000|5.400000|5.400000|30.000000||1|||0|0|1|за 1 шт.|2|ЦЦ07.А.00412        |ЦЦ07.А.00412 0328098 НПЭБиС "Пиротекс" ООО "Русский фейерверк" RR-04/14 от 19.02.2014 08.10.2015-07.10.2018                                                                                                                                               |                         |||Набор шаров с различными эффектами:<BR><BR>1. Сфера красных звезд.<BR><BR>2. Сфера синих звезд.<BR><BR>3. Сфера зеленых звезд.<BR><BR>4. Золотые и зеленые звезды.<BR><BR>5. Белые хвосты и красные звезды.<BR><BR>6. Белые хвосты и облако трещащих разрывов.<BR><BR>7. Угольные хвосты и красные, зеленые звезды.<BR><BR>8. Разрыв золотыми звездами и букет красных звезд.<BR><BR>9. Угольные хвосты, белые звезды и белые хвосты.<BR><BR>10. Малиновые звезды, красные и зеленые звезды, облако трещащих разрывов.<BR><BR>11. Синие звезды с белыми хвостами, золотые звезды и облако трещащих разрывов.<BR><BR>12. Угольные хвосты, белые звезды и зеленые звезды с белыми хвостами.|Набор шаров с различными эффектами:<BR><BR>1. Сфера красных звезд.<BR><BR>2. Сфера синих звезд.<BR><BR>3. Сфера зеленых звезд.<BR><BR>4. Золотые и зеленые звезды.<BR><BR>5. Белые хвосты и красные звезды.<BR><BR>6. Белые хвосты и облако трещащих разрывов.<BR><BR>7. Угольные хвосты и красные, зеленые звезды.<BR><BR>8. Разрыв золотыми звездами и букет красных звезд.<BR><BR>9. Угольные хвосты, белые звезды и белые хвосты.<BR><BR>10. Малиновые звезды, красные и зеленые звезды, облако трещащих разрывов.<BR><BR>11. Синие звезды с белыми хвостами, золотые звезды и облако трещащих разрывов.<BR><BR>12. Угольные хвосты, белые звезды и зеленые звезды с белыми хвостами.<br><BR><iframe width="560" height="315" src="https://www.youtube.com/embed/mO0JQVY8Tk8?rel=0" frameborder="0" allowfullscreen></iframe>||||||||1|||1|http://ogonek.beget.tech/images/р6290.jpg|1|Количество залпов:18:1^Калибр, дюйм:1.9:2^Высота, м.:75:3^Время, сек.:0:4||new||||2|1^4^5^6|1|1|
2431|1|Салют-проказник|6^45|296.00|0|296.00||||||Р6720|Р6720|1|1|1|1|40||||||15.000000|0.000000|8.600000|0.325000||1|||0|0|1|за 1 шт.|1|ЩШ01.А.00024        |ЩШ01.А.00024 046041 ООО "Испытательный центр "ПИРОТЕСТ" ООО "Русский фейерверк" RR-01/17 от 17.01.2017 12.07.2017-11.07.2020                                                                                                                              |10130080/110516/0003320  |||4 эффекта:<BR><BR>1. Фонтан: Красные огни и треск.<BR><BR>Выстреливает салюты:<BR><BR>2. Зеленые звезды с пышными хвостами (кокос).<BR><BR>3. Красные звезды с пышными хвостами (кокос).<BR><BR>4. Облако трещащих разрывов (трещащая хризантема).|4 эффекта:<BR><BR>1. Фонтан: Красные огни и треск.<BR><BR>Выстреливает салюты:<BR><BR>2. Зеленые звезды с пышными хвостами (кокос).<BR><BR>3. Красные звезды с пышными хвостами (кокос).<BR><BR>4. Облако трещащих разрывов (трещащая хризантема).<br><BR><iframe width="560" height="315" src="https://www.youtube.com/embed/u21m8Soj3_E?rel=0" frameborder="0" allowfullscreen></iframe>||||||||1|||1|http://ogonek.beget.tech/images/р6720.jpg|1|||new||||2|1^4^5^6|1|1|
2433|1|Торт с сюрпризом|6^45^45|980.00|0|980.00||||||Р6780|Р6780|1|1|1|1|12||||||17.500000|0.000000|12.500000|1.083333||1|||0|0|1|за 1 шт.|1|СЗ25.А.00031        |СЗ25.А.00031 0155671 ООО "Северо-Западная НПЛ" ООО "Русский фейерверк" RR-01/16 от 02.02.2016 06.10.2016-05.10.2019                                                                                                                                       |10130080/110516/0003320  |||5 эффектов:<BR><BR>1. Фонтан: Красно-синие звезды и треск.<BR><BR>Выстреливает салюты:<BR><BR>2. Сине- золотая мерцающая сфера (пион).<BR><BR>3. Множество золотых ниспадающих нитей (парча) и зеленое мерцание.<BR><BR>4. Множество серебряных ниспадающих нитей (парча) и белое мерцание.<BR><BR>5. Облако золотых трещащих разрывов (трещащая хризантема).|5 эффектов:<BR><BR>1. Фонтан: Красно-синие звезды и треск.<BR><BR>Выстреливает салюты:<BR><BR>2. Сине- золотая мерцающая сфера (пион).<BR><BR>3. Множество золотых ниспадающих нитей (парча) и зеленое мерцание.<BR><BR>4. Множество серебряных ниспадающих нитей (парча) и белое мерцание.<BR><BR>5. Облако золотых трещащих разрывов (трещащая хризантема).<br><BR><iframe width="560" height="315" src="https://www.youtube.com/embed/esV8gfkVjtA?rel=0" frameborder="0" allowfullscreen></iframe>||||||||1|||1|http://ogonek.beget.tech/images/р6780.jpg|1|||new||||2|1^4^5^6|1|1|
2436|1|Ананас (0,6"х 12) 3 эфф|9^114^115|359.00|0|359.00||||||Р7010|Р7010|1|1|1|1|36||||||0.000000|0.000000|0.000000|0.388889||1|||0|0|1|за 1 шт.|1|ЩШ01.А.00028        |ЩШ01.А.00028 046046 ООО "ИЦ "ПИРОТЕСТ" ООО "Русский фейерверк" RR-01/17 от 17.01.2017 12.09.2017-11.09.2020                                                                                                                                               |10130080/230617/0014265  ||||<br><BR>||||||||1|||1|http://ogonek.beget.tech/images/p7010.jpg|1|||new||||2|1^4^5^6|1|1|
2439|1|Пли - 36|9^71^79^114^118|692.00|0|532.00||||||Р7040|Р7040|1|0|4|1|12||||||7.500000|7.000000|7.000000|0.750000||1|||1|1|1|за 1 уп. из 4 шт.|1|ЩШ01.А.00028        |ЩШ01.А.00028 046046 ООО "ИЦ "ПИРОТЕСТ" ООО "Русский фейерверк" RR-01/17 от 17.01.2017 12.09.2017-11.09.2020                                                                                                                                               |                         |шт.|173.00|2 эффекта:<BR><BR>1. Вспышки.<BR><BR>2. Свистящие змейки.|2 эффекта:<BR><BR>1. Вспышки.<BR><BR>2. Свистящие змейки.<br><BR><iframe width="560" height="315" src="https://www.youtube.com/embed/xU45BsbA8ac?rel=0" frameborder="0" allowfullscreen></iframe>||||||||1|||1|http://ogonek.beget.tech/images/р7040.jpg|1|Количество залпов:36:1^Калибр, дюйм:0.3:2^Высота, м.:10:3^Время, сек.:18:4||new||||2|1^4^5^6|1|1|
