id_product;reference;name;price;r1;r2;r3;rname;rprice;rtor
16;2170;"Световое фейерверк-шоу ""Волшебный фонарь""";1 232,39;1;1;4;Волшебн. фонарь;1 950,00;1
17;2402;"Световая бенгальская свеча ""Звёздная пыль""";178,92;1;1;36;Звёздная пыль;300,00;1
18;2406;"Светящаяся ракета ""Дракон""";769,72;1;1;6;Дракон;1 200,00;1
19;2408;"Помповый бластер ""Римская свеча""";769,72;1;1;6;Помп. бластер;1 200,00;1
20;2410;"Светящаяся ракета ""Молния""";308,09;1;1;8;Молния;490,00;1
21;2412;"Световой фейерверк - шоу ""Весёлая карусель""";461,62;1;1;20;Весёлая карусель;780,00;1
22;2415;"Свистящие шары ""Весёлый проныра""";461,62;1;1;6;Весёлый проныра;780,00;1
24;2451;"Шоу конусных фонтанов ""Огненная фантазия""";1 591,30;1;1;4;Огненая фантазия;2 650,00;1
70;DF701010048;"Зимняя сказка (1,0"" х 48)";2 880,00;1;1;4;Зимняя сказка;4 850,00;1
71;DF701012020;"Праздник жизни (1,2"" х 20)";2 000,00;1;1;6;Праздник жизни;3 600,00;1
72;DF701012100;"Свадебный салют (1,2"" х 100)";10 000,00;1;1;1;Свадебный салют;14 000,00;1
73;DF701015025;"С Новым Годом! (1,5"" х 25)";3 700,00;1;1;4;С Новым Годом!;5 600,00;1
78;DF702015050;"Совет да любовь (1,5"" х 50)";7 400,00;1;1;2;Совет да любовь;12 580,00;1
92;F11049;Matabrujas (уп.  5 шт.) ФИТИЛЬНЫЕ;1 415,70;5;10;8;Matabrujas;250,00;10
111;K00203;Ахтунг (уп. 100 шт.) ТЕРОЧНЫЕ;118,92;100;1;50;Ахтунг;220,00;1
115;K00204;Ахтунг (уп. 12 шт.) ТЕРОЧНЫЕ;543,77;12;12;16;Ахтунг;110,00;12
116;K00208;Ахтунг (уп. 3 шт.) ТЕРОЧНЫЕ;94,38;3;1;100;Ахтунг;220,00;1
119;K0202-1;К0202Петарды (1уп-20шт.) ТЕРОЧНЫЕ;188,76;20;10;50;Петарды;50,00;10
120;K0202-2;К0202Петарды (1уп-20шт.) ФИТИЛЬНЫЕ;254,71;20;10;50;Петарды;70,00;10
121;K0204CE;Петарды (1уп-12шт.) ФИТИЛЬНЫЕ;792,79;12;12;16;Петарды;160,00;12
122;R0445;Ракеты свистульки;396,40;12;12;20;Свистульки;90,00;12
123;R09012;Миномёт (12 шаров);722,94;1;1;15;Миномёт;1 280,00;1
127;S01002;Crazy robot     (уп. 12 шт.) ФИТИЛЬНЫЕ;358,64;12;1;72;Crazy robot;75,00;12
130;TKF358;Фонтан тортовый 12 см;90,00;4;1;160;Торт. свечи 12 см;210,00;1
131;TKF361;Фонтан тортовый 10 см;86,00;4;1;160;Торт. свечи 10 см;190,00;1
133;TXB021;"TOURBILLON, 39 сек (1.20"" x 25)";1 642,19;1;1;4;Tourbillion;2 750,00;1
134;TXB022;"FRANKEE  + FONTANNA, 60 сек (1.20"" x 37)";2 595,41;1;1;4;37 Frankee;3 650,00;1
135;TXB038;"GOLDEN WATERFALL, 26сек (1.00"" x 16)";679,52;1;1;9;GOLDEN WATERFALL;1 150,00;1
136;TXB039;"ENDURO 25S 1.2"", 35 сек (1.20"" x 25)";1 510,06;1;1;6;ENDURO;2 450,00;1
138;TXB045;"SANSATION , 27 сек (0.80"" x 25)";639,90;1;1;18;SANSATION;950,00;1
140;TXB070;"PLUS+ , 16 сек (0.80"" x 16)";528,52;1;1;12;PLUS+;900,00;1
141;TXB071;"DARK AGE ,20 сек (0.80"" x 16)";528,52;1;1;12;DARK AGE;900,00;1
142;TXB073;"Champion , 23 сек (1.00"" x 36)";1 477,02;1;1;8;Champion;2 450,00;1
146;TXB093;"ROYAL, 50 сек (1.20"" x 25)";1 425,11;1;1;6;ROYAL;2 350,00;1
148;TXB132;"КАТЮША (50 выстрелов) (0.30"" x 50)";132,13;1;1;60;КАТЮША (50);250,00;1
149;TXB133;"КАТЮША (100 выстрелов) (0.30"" x 100)";264,26;1;1;30;КАТЮША (100);450,00;1
150;TXB171;"TREE COLOURS, 20 сек (1.00"" x 16)";649,33;1;1;18;TREE COLOURS;950,00;1
151;TXB172;"COCO, 38 сек (1.00"" x 25)";1 066,48;1;1;12;COCO;1 750,00;1
152;TXB173;"NIGHT AURA , 34 сек (1.00"" x 25)";1 340,17;1;1;8;NIGHT AURA;2 250,00;1
153;TXB174;"LILY MAGNOLIA, 20 сек (1.00"" x 16)";604,02;1;1;15;LILY MAGNOLIA;980,00;1
154;TXB189;"TURBO BOX, 58 сек (1.20"" x 36)";2 359,46;1;1;4;TURBO BOX;3 850,00;1
156;TXB205;"RAINBOW, 19 сек (1.20"" x 8)";654,99;1;1;12;RAINBOW;950,00;1
157;TXB206;"PURPLE TAIL, 16сек (1.00"" x 10)";539,83;1;1;24;PURPLE TAIL;900,00;1
160;TXB216;"CANCER, 30 сек (1.00"" x 16)";877,72;1;1;12;CANCER;1 450,00;1
165;TXB271;Миномёт (8 шаров);587,99;1;1;15;Миномёт 8 ш.;980,00;1
166;TXB280C;"BATTLEFIELD, (1.20"" x 13)";802,22;1;1;12;BATTLEFIELD;1 350,00;1
168;TXB284;"Paris (1,2"" х 13)";931,70;1;1;12;Paris;1 550,00;1
169;TXB293;"КАТЮША (16 выстрелов) (0.30"" x 16)";196,26;4;1;40;КАТЮША (16);90,00;4
172;TXB315;"IMPACT, 28 сек (1.20"" x 19)";1 094,80;1;1;12;IMPACT;1 800,00;1
173;TXB316;"APRIL, 35 сек (1.20"" x 19)";1 094,80;1;1;12;APRIL;1 800,00;1
175;TXB389;"SILVER DRAGON, 24 сек (1.00"" x 25)";1 179,74;1;1;12;SILVER DRAGON;1 950,00;1
176;TXB394;"PASSAT, 32 сек (1.20"" x 19)";1 443,99;1;1;6;PASSAT;2 350,00;1
177;TXB422;"LITTLE PALM TREE, 15 сек (0.80"" x 6)";230,29;1;1;40;LITTLE PALM TREE;450,00;1
179;TXB462;"RED PEONY, 17сек (0.80"" x 9)";254,83;1;1;48;RED PEONY;450,00;1
181;TXB497;"HAPPY HOLIDAY, 16 сек (1.20"" x 10)";747,47;1;1;12;HAPPY HOLIDAY;1 250,00;1
182;TXB498;"MAGIC KEY, 16 сек (0.80"" x 16)";376,58;1;1;36;MAGIC KEY;650,00;1
183;TXB561;"JULY, 38 сек (1.20"" x 19)";1 177,86;1;1;12;JULY;1 950,00;1
186;TXB565;"DECEMBER, 25 сек (1.20"" x 19)";1 208,98;1;1;12;DECEMBER;1 950,00;1
187;TXB592;"MULTI BROCADE, 42 сек (1.20"" x 19)";1 496,84;1;1;6;MULTI BROCADE;2 450,00;1
188;TXB603;"THE MAGIC KEY, 13 сек (0.80"" x 16)";376,58;1;1;36;THE MAGIC KEY;650,00;1
190;TXB644;"COLOR PEONY, 26 сек (0.80"" x 25)";773,90;1;1;12;COLOR PEONY;1 250,00;1
192;TXB646;"MEADOW, 25 сек (0.80"" x 25)";773,90;1;1;18;MEADOW;1 250,00;1
196;TXB662;"Ballet, 15 сек (0.80"" x 11)";89,66;1;1;96;Ballet;150,00;1
197;TXB664;"WEDNESDAY, 37 сек (1.20"" x 25)";1 618,59;1;1;6;WEDNESDAY;2 650,00;1
199;TXB667;"Saturday, 48 сек (1.20"" x 25)";1 604,44;1;1;6;Saturday;2 650,00;1
205;TXB756;"X-EMOTION, 36 сек (1.20"" x 19)";1 510,06;1;1;6;X-EMOTION;2 450,00;1
208;TXB801;"TRANDY, 35 сек (1.20"" x 19)";1 321,30;1;1;6;TRANDY;1 950,00;1
211;TXB821;"YELLOW PURPLE PEONY, 15сек (0.80"" x 9)";254,83;1;1;48;YELLOW PURPLE;450,00;1
212;TXB826;"MAGIA NOCY, 38 сек (0.80"" x 19)";641,77;1;1;18;MAGIA NOCY;980,00;1
213;TXB827;"Panorama (0.80"" x 19)";641,77;1;1;18;PANORAMA;980,00;1
214;TXB828;"DOTYK PRZYGODY, 35 сек (0.80"" x 36)";1 170,30;1;1;12;DOTYK PRZYGODY;1 950,00;1
215;TXB849;"X-TRANS I,V, 42 сек (1.20"" x 19)";1 486,46;1;1;6;X-TRANS;2 450,00;1
219;TXB906;"CRAZY BOX, 40 сек (1.20"" x 25)";1 746,01;1;1;4;CRAZY BOX;2 600,00;1
220;TXB908;"HIT BOX, 27 сек (0.80"" x 100)";3 020,11;1;1;4;HIT BOX;4 250,00;1
223;TXC419;Римская свеча 5 выстр.  (длина трубы 53 см.);233,11;2;1;48;Kalejdoskop;220,00;2
224;TXC494;Римская свеча 10 выстр.;132,13;12;1;40;Римская свеча-10;28,00;12
225;TXC495;Римская свеча 15 выстр.;165,17;12;1;40;Римская свеча-15;35,00;12
227;TXC842;РИМСКАЯ СВЕЧА  (уп. 6 шт.);339,77;6;1;40;Rafa;150,00;6
229;TXC861;"РИМСКАЯ СВЕЧА (уп. 2 шт.) 0,75"" х 5 залпов";235,95;2;1;30;Римская свеча;220,00;2
232;TXD484;ЖУКИ с разрывом ФИТИЛЬНЫЕ;475,53;6;12;20;Жуки с разрывом;90,00;12
238;TXF359;Тортовые свечи 25 см;146,29;4;1;72;Торт. свечи 25 см;260,00;1
240;TXF426;БЕНГАЛЬСКИЕ ОГНИ  17 см, (уп. 10 шт.);13,21;10;1;500;Бенг. свечи 17 см;40,00;1
243;TXF637;Тортовые свечи 18 см;162,32;6;1;80;Торт. свечи 18 см;290,00;1
246;TXF748-А;Бенгальские огни  28 см.;31,16;10;1;200;Бенг. свечи 28 см;80,00;1
249;TXF837;Фонтан  30 сек, фитиль;500,20;6;1;20;Hekla;180,00;6
250;TXF838;Фонтан  1,28 мин, фитиль;1 944,20;2;1;9;Ararat;1 750,00;2
251;TXM434;Миномёт (6 шаров);805,06;1;1;10;Миномёт 6 ш.;1 350,00;1
253;TXP001;Ахтунг  (уп. 5 шт.) ФИТИЛЬНЫЕ;302,02;5;1;48;Ахтунг;500,00;1
254;TXP066;TXP066 (уп. 5 шт.) ФИТИЛЬНЫЕ;377,52;5;1;32;Динамит;600,00;1
257;TXP082;ПЕТАРДЫ U2601 Душки (бертолетова соль);990,99;50;50;6;Душки;50,00;50
258;TXP226;ФИТИЛЬНЫЕ 20 пачек по 10уп/10шт;481,34;10;10;20;Gorilla bomb;120,00;10
260;TXP384;Трескучий гром   (уп. 20 шт.) ФИТИЛЬНЫЕ;169,88;20;1;60;Трескучий гром;450,00;1
262;TXP485;GROM2 (1уп-36шт.) ФИТИЛЬНЫЕ;217,07;36;1;40;Grom 2;480,00;1
265;TXP786;Зеленые шарики (уп. 6 шт.) ФИТИЛЬНЫЕ;441,70;6;12;16;Зеленые шарики;90,00;12
269;TXR141;Ракеты (1уп.-9шт.);1 038,17;9;1;10;Big whale 3;210,00;9
270;TXR371;Ракеты колпаки (1уп.-12шт.);254,83;12;1;48;Orion;450,00;1
272;TXR606;Ракеты (1уп.-6шт.);471,89;6;1;24;Assortment;190,00;6
287;YHW009;"SONG, 1 мин, 8сек (1.20"" x 37)";2 453,84;1;1;6;SONG;3 450,00;1
329;А7515;"Затерянный мир (1,25""х49)";5 600,00;1;1;2;Затерянный мир;7 650,00;1
332;А7528;"Ночной Дозор (1""х100)";7 400,00;1;1;2;Ночной Дозор;11 100,00;1
334;А7600;"Снежный Вальс (1,25""х100)";11 600,00;1;1;1;Снежный Вальс;13 800,00;1
335;А7605;"Третий Рим (1,25"" х 100)";10 600,00;1;1;1;Третий Рим;13 800,00;1
336;А7606;"Колизей (1,25"" х 100)";10 600,00;1;1;1;Колизей;13 800,00;1
337;А7607;"Обручальные кольца (1,25"" х 100)";10 600,00;1;1;1;Обручал. кольца;13 800,00;1
339;А7609;"Хозяин Тайги (1,25"" х 100)";10 600,00;1;1;1;Хозяин Тайги;13 800,00;1
340;А7610;"Золотая серия 100 (1,25"" х 100)";10 600,00;1;1;1;Золотая серия 100;13 800,00;1
341;А7611;"Дикая орхидея (1,25"" х 100)";10 600,00;1;1;1;Дикая орхидея;13 800,00;1
342;А7612;"Жемчужные волны (1,25"" х 100)";10 600,00;1;1;1;Жемчужные волны;13 800,00;1
343;А7613;"В гостях у сказки (1,25"" х 100)";10 600,00;1;1;1;В гостях у сказки;13 800,00;1
344;А7616;"Новогодняя карусель (1,25""х100)";11 600,00;1;1;1;Новогод. Карусель;13 800,00;1
345;А7617;"Карнавальная ночь (1,25""х100)";11 600,00;1;1;1;Карнавальная ночь;13 800,00;1
346;А7618;"Поле Чудес (1,25""х100)";11 600,00;1;1;1;Поле Чудес;13 800,00;1
347;А7619;"Малиновые сны (1,25""х150)";17 600,00;1;1;1;Малиновые сны;19 800,00;1
351;А7623;"Эксклюзив (1,2"" х 200)";25 300,00;1;1;1;Эксклюзив;29 900,00;1
352;А7642;"Москва Златоглавая (1,25"" х 150)";16 000,00;1;1;1;Москва Златоглав.;19 800,00;1
354;А7644;"Ромео и Джульетта (1,25""х150)";17 600,00;1;1;1;Ромео и Джульетта;19 800,00;1
356;А7667;"Вечерний звон (1,25""х200)";23 000,00;1;1;1;Вечерний звон;29 900,00;1
357;А7668;"Подмосковные вечера (1,25""х250)";28 600,00;1;1;1;Подмосков. вечера;33 800,00;1
374;БСП0530012;"Зевс (1,2"" х 300)";32 700,00;1;1;1;Зевс;39 250,00;1
387;Е-С215;Будем!  (0,8''x10);388,00;1;1;24;Будем!;800,00;0
391;Е-С226;"Ха-ра-шо! (0,8"" х 16)";499,00;1;1;24;Ха-ра-шо!;950,00;1
399;Е-С268;Новогод (0,8''x25);920,00;1;1;12;Новогод;1 800,00;0
407;Е-С350;"Роял де Люкс (0,8"" х 100)";3 175,00;1;1;4;Роял де Люкс;5 400,00;1
414;Е-С440;"Полный песец (1"" х 19)";989,00;1;1;12;Полный песец;1 950,00;1
418;Е-С463;Есть контакт! (1''x25) МОНОБЛОК;1 110,00;1;1;12;Есть контакт!;2 200,00;1
422;Е-С535;Разбуди соседей! (1''x66);3 130,00;1;1;3;Разбуди соседей! ;0,00;0
429;Е-С650;"Новогодняя шумиха (1,25""х 20)";1 412,00;1;1;8;Новогодн. Шумиха;3 000,00;1
432;Е-С680;По-нашему! (1,25''x36) МОНОБЛОК;2 412,00;1;1;4;По-нашему!;4 100,00;1
497;ЕС217;"ПироАрт (1,2"" х 100)";9 700,00;1;1;1;ПироАрт;14 500,00;1
504;ЕС300;"Рублевский (1,2"" х 120)";12 500,00;1;1;1;Рублевский;16 250,00;1
505;ЕС301;"Профессионал (1,2"" х 126)";13 800,00;1;1;1;Профессионал;17 950,00;1
508;ЕС304;"Пояс Ориона (0,8-1,0-1,2"" х 146)";13 000,00;1;1;1;Пояс Ориона;16 950,00;1
511;ЕС307;"Бум Бокс (1,0-1,2"" х 250)";25 500,00;1;1;1;Бум Бокс;30 600,00;1
512;ЕС308;"Барвиха (0,8-1,0-1,2"" х 290)";27 500,00;1;1;1;Барвиха;33 000,00;1
516;ЕС315;"Прототип (1,0-1,2"" х 177)";17 500,00;1;1;1;Прототип;22 750,00;1
526;Р1030;Хлопающие шары (16х12х6);534,00;6;12;16;Хлопающие шары;120,00;12
527;Р1040;Связка-16 (70 мм х50мм);752,00;60;1;24;Связка-16;40,00;60
528;Р1050;Лимонка (с чекой) (60х12);326,00;12;1;60;Лимонка с чекой;80,00;12
529;Р1060;Бомба с чекой;380,00;6;1;50;Бомба с чекой;150,00;6
530;Р1080;Корсар 8 мини (O15 мм х 52 мм);173,00;12;1;160;Корсар 8 мини;350,00;1
531;Р1082;Корсар 8 (оформлен для штучной продажи);124,00;3;1;100;Корсар 8;100,00;3
532;Р1084;Мега Корсар;210,00;3;1;100;Мега К;200,00;3
533;Р1090;Граната;605,00;6;1;36;Граната;220,00;6
534;Р1106;Корсар-1 (20х12х60);432,00;60;12;20;Корсар-1;120,00;12
535;Р1202;Корсар 2 (25х15х20);462,00;20;15;25;Корсар 2;100,00;15
536;Р1301;Корсар-3 (50х10х10);238,00;10;10;50;Корсар-3;100,00;10
538;Р1400;Корсар 4 (16х12х12);696,00;12;12;16;Корсар 4;160,00;12
542;Р1600;Корсар 6 (O20 мм х 78 мм);124,00;6;1;100;Корсар 6;290,00;1
545;Р1750;Факел дымовой с чекой красный;1 136,00;4;1;18;Факел дым. кр.;600,00;4
546;Р1751;Факел дымовой с чекой синий;1 136,00;4;1;18;Факел дым. с.;600,00;4
547;Р1752;Факел дымовой с чекой белый;1 136,00;4;1;18;Факел дым. б.;600,00;4
548;Р1753;Факел дымовой с чекой зеленый;1 136,00;4;1;18;Факел дым. з.;600,00;4
555;Р2010;Пугач (25х12х12);567,00;12;12;25;Пугач;150,00;12
559;Р2300;"Ракета ""Ассорти"" НОВЫЙ ЭФФЕКТ";223,00;6;1;72;Ассорти;120,00;6
569;Р2440;Ястреб;330,00;4;1;60;Ястреб;190,00;4
576;Р2600;Метеор НОВЫЙ ЭФФЕКТ;956,00;4;1;24;Метеор;490,00;4
581;Р3010;Огненные пчёлы (30х10х12);588,00;12;10;30;Огненные пчёлы;180,00;10
582;Р3020;Мотылек (16х10х12);798,00;12;10;16;Весенняя бабочка;20,00;120
583;Р3100;Солнечный цветок (оформлен для штучной продажи);291,00;6;1;36;Солнечный цветок;130,00;6
584;Р3110;Лунный цветок (уменьшена фасовка);128,00;6;1;120;Лунный цветок;60,00;6
585;Р3200;Акробат;85,00;4;1;250;Акробат;60,00;4
587;Р3520;Веселый жук (20х12х6);690,00;6;12;20;Веселый жук;160,00;12
588;Р3530;Мега жук;772,00;6;12;20;Супер жук;180,00;12
596;Р4066;"Звёздная пыль (конус 6"")";852,00;4;1;12;Звёздная пыль;450,00;4
598;Р4070;"Мир фэнтези (конус 8"")";872,00;4;1;18;Мир фэнтези;450,00;4
603;Р4110;"Золотой вулкан (конус 11"")";1 260,00;2;1;10;Золотой вулкан;1 200,00;2
606;Р4114;"Весёлый вулкан (конус 11"")";1 384,00;2;1;10;Весёлый вулкан;1 400,00;2
607;Р4115;"Волшебный вулкан (конус 11"")";1 516,00;2;1;10;Волшебн. вулкан;1 500,00;2
610;Р4120;"Царский (конус 13"")";1 417,00;1;1;12;Царский;2 500,00;1
613;Р4206;Арабская ночь НОВЫЙ ЭФФЕКТ;205,00;4;1;72;Арабская ночь;130,00;4
614;Р4210;Театр кукол:Карабас, Буратино, Мальвина, Арлекино;286,00;4;1;36;Театр кукол;160,00;4
615;Р4213;Чародей НОВЫЙ ЭФФЕКТ;99,00;1;1;72;Чародей;250,00;1
621;Р4350;3Д-Ёлка (3 эффекта + вспышки);425,00;1;1;24;3Д-Ёлка;950,00;1
643;Р4810;Настольный фонтан;1 968,00;4;20;12;Настольн. фонтан;230,00;20
649;Р4830;Искорка. Бенгальская свеча цветопламенная;396,00;10;12;24;Искорка;0,00;0
650;Р4840;Бенгальская свеча Феникс;910,00;10;10;10;Бенг св. Феникс;0,00;0
664;Р5510;"Пантера (0,8""х 5)";504,00;4;1;20;Пантера;250,00;4
665;Р5512;"Гепард (0,8""х 5)";536,00;4;1;20;Гепард;280,00;4
667;Р5516;"Барракуда (0,8""х5)";664,00;4;1;20;Барракуда;330,00;4
670;Р5540;"Фантастика  (0,8""х 8)";460,00;2;1;24;Фантазия;450,00;2
671;Р5541;"Хохлома (0,8""x 8) НОВЫЙ ЭФФЕКТ";460,00;2;1;24;Хохлома;450,00;2
672;Р5542;"Ламбада (0,8""х8) НОВЫЙ ЭФФЕКТ";398,00;2;1;24;Ламбада;0,00;0
683;Р5602;"Стрелец (1,0""х 8)";798,00;2;1;24;Стрелец;700,00;2
684;Р5604;"Баккара (1,0""х 8)";798,00;2;1;24;Баккара;700,00;2
685;Р5606;"Примадонна (1,0""х 8)";884,00;2;1;24;Примадонна;700,00;2
693;Р5720;"Магнолия (1,2""х 8) НОВЫЙ ЭФФЕКТ";642,00;1;1;30;Магнолия;1 100,00;1
696;Р5726;"Хризантема (1,2""х 8) НОВЫЙ ЭФФЕКТ";536,00;1;1;30;Хризантема;900,00;1
701;Р5800;"Альтаир (1,5""х 8) НОВЫЙ ЭФФЕКТ";705,00;1;1;18;Альтаир;1 300,00;1
704;Р5950;Зенитка (0,8''х 30) связка римских свечей;799,00;1;1;20;Зенитка;0,00;0
707;Р6210;"Матрёшка ( 1,7"" x 6 )";649,00;1;1;15;Матрёшка;1 400,00;1
709;Р6260;"БомбардирЪ (2.0"" х 6) НОВЫЙ ЭФФЕКТ";1 415,00;1;1;12;БомбардирЪ;0,00;1
714;Р6290;"Салют наций ( 1,9"" х 3-од., 6-дв., 9-тр. )";4 170,00;1;1;6;Салют наций;6 600,00;1
715;Р6720;Салют-проказник (фонтан + 6 выстрелов  3 эффекта);296,00;1;1;40;Салют-проказник;600,00;1
717;Р6780;Торт с сюрпризом (фонтан + 12 выстрелов 4 эффекта);677,00;1;1;16;Торт с сюрпризом;1 980,00;1
719;Р6820;Светомузыка (фонтан + бурачные салюты, свист);3 153,00;1;1;4;Светомузыка;0,00;1
720;Р7010;"Ананас (0,6""х 12) 3 эфф";359,00;1;1;36;Ананас;700,00;1
723;Р7040;"Пли - 36 (0,3""х 36)";740,00;4;1;12;Пли - 37;350,00;4
725;Р7045;"Бинго (0,8""х 9)";336,00;1;1;24;Бинго;700,00;1
729;Р7064;"Фиеста (0,8""х 16)";625,00;1;1;24;Фиеста;1 400,00;1
730;Р7065;"Морозушко (0,8""х 16)";622,00;1;1;24;Морозушко;1 250,00;1
732;Р7071;"Мороз трескучий  (0,8""х 16)";724,00;1;1;24;Мороз трескучий;1 400,00;1
733;Р7072;"Банзай (0,6""х 16) НОВЫЙ ЭФФЕКТ";534,00;1;1;24;Банзай;980,00;1
734;Р7130;"Тролль (0,8""х 6) 3 эфф";249,00;1;1;50;Тролль;500,00;1
737;Р7150;"Мулен Руж (0,8""х 8)";299,00;1;1;24;Мулен Руж;600,00;1
739;Р7160;"Сивка-Бурка (0,8"" х 9)";460,00;1;1;24;Сивка-Бурка;880,00;1
740;Р7165;"Джокер (0,8""х 9) 4 эфф";325,00;1;1;24;Джокер;0,00;0
741;Р7200;"Текила-бум (0,8""х 12) 3 эфф";465,00;1;1;24;Текила-бум;890,00;1
742;Р7205;"Иван-Царевич (0,8""х 13) 5 эфф";469,00;1;1;24;Иван-Царевич;0,00;0
743;Р7210;"Ёлка с огоньком (0,8""х 13)";560,00;1;1;24;Ёлка с огоньком;1 100,00;1
744;Р7212;"Снеговой (0,8""х 10) НОВЫЙ ЭФФЕКТ";390,00;1;1;18;Снеговой;800,00;1
746;Р7215;"С днём рождения! ( 0,8""х 19)";668,00;1;1;16;С днём рождения!;1 280,00;1
747;Р7220;"Русский сувенир (0,8""х 19) МОНОБЛОК 4 эфф";665,00;1;1;16;Русский сувенир;0,00;0
751;Р7300;"Бубль-гум (0,8""х 25) АКЦИЯ МОНОБЛОК";752,00;1;1;18;Бубль-гум;1 500,00;1
752;Р7302;"Жар-птица (0,8""х 25) МОНОБЛОК 5 эфф";830,00;1;1;16;Жар-птица;1 780,00;1
753;Р7311;"Сорвиголова (0,8""х 25)";956,00;1;1;24;Сорвиголова;1 900,00;1
754;Р7312;"Сказки Пушкина  (0,8"" х 25)";799,00;1;1;18;Сказки Пушкина;1 900,00;1
759;Р7321;"Балалайка (0,8""х36) АКЦИЯ МОНОБЛОК";1 080,00;1;1;12;Балалайка;1 950,00;1
761;Р7324;"Зимние гонки (0,8""х 48)";1 940,00;1;1;8;Зимние гонки;0,00;1
762;Р7325;"Пламенный привет (0,8""х 49) АКЦИЯ МОНОБЛОК";1 680,00;1;1;8;Пламенный привет;2 850,00;1
763;Р7326;"Краски жизни (0,8""х 90) НОВЫЙ ЭФФЕКТ";3 400,00;1;1;4;Краски жизни;5 800,00;1
764;Р7328;"Новогоднее приключение (0,8""х 96)";4 460,00;1;1;4;Новог. приключ.;6 690,00;1
766;Р7333;"Дари радость! (0,8"" х 66)";2 930,00;1;1;4;Дари радость!;4 980,00;1
768;Р7340;"Новогодний экспресс (0,8""х 88)";3 680,00;1;1;4;Новог. экспресс;6 800,00;1
771;Р7342;"Встречайте  (1,0"" х 16)";872,00;1;1;12;Встречайте;1 750,00;1
773;Р7350;"Снежная королева (1,0"" х 16)";799,00;1;1;18;Снежная королева;1 950,00;1
776;Р7360;"12 месяцев (1,25""х 16)";1 599,00;1;1;8;12 месяцев;2 950,00;1
782;Р7453;"Мандаринка (1,0""х 8)";464,00;1;1;18;Мандаринка;900,00;1
783;Р7456;"Двое из ларца (1,0""х 10)";746,00;1;1;24;Двое из ларца;1 380,00;1
784;Р7460;"Крутые перцы (1,0""х 13) МОНОБЛОК";660,00;1;1;12;Крутые перцы;1 300,00;1
785;Р7462;"Калинка-малинка (1,0""х 16) МОНОБЛОК 4 эфф";849,00;1;1;12;Калинка-малинка;1 650,00;1
786;Р7463;"Диковинка (1,0""х 16)";956,00;1;1;12;Диковинка;1 900,00;1
791;Р7468;"Капитан Морган (1,0"" х 19)";1 080,00;1;1;12;Капитан Морган;2 300,00;1
792;Р7471;"Zorro (1,0""х 19) МОНОБЛОК";999,00;1;1;12;Zorro;1 950,00;1
794;Р7473;"Павлин (1,0""х 19) МОНОБЛОК";920,00;1;1;12;Павлин;2 250,00;1
796;Р7482;"Час Пик (1,0""х 16)";960,00;1;1;18;Час Пик;2 200,00;1
798;Р7486;"Запах хвои (1,0"" х 20) МОНОБЛОК";1 184,00;1;1;12;Запах хвои;2 350,00;1
800;Р7491;"Пять звёзд (1,0""х 25) АКЦИЯ МОНОБЛОК";1 199,00;1;1;12;Пять звёзд;2 850,00;1
803;Р7494;"Снежная сказка (1,0""х 25) НОВЫЙ ЭФФЕКТ";1 399,00;1;1;9;Снежная сказка;2 380,00;1
806;Р7500;"Амигос (1,0""х 36) МОНОБЛОК 6 эфф";1 599,00;1;1;8;Амигос;2 800,00;1
807;Р7502;"Мороз-Красный нос (1,0""х 35)";2 224,00;1;1;6;Мороз-Красн. нос;0,00;1
808;Р7511;"Комбат (1,0""х 36)";1 999,00;1;1;8;Комбат;3 860,00;1
810;Р7513;"Амазонка (1,0"" х 37)";2 516,00;1;1;4;Амазонка;3 980,00;1
818;Р7528;"Пальцы веером (0,8"" х 25)";1 296,00;1;1;8;Пальцы веером;2 600,00;1
828;Р7545;"Севастополь (1,0""х 150)";10 260,00;1;1;1;Севастополь;13 350,00;1
834;Р7556;"Барабанщица (1,25""х 16) МОНОБЛОК";1 030,00;1;1;12;Барабанщица;1 950,00;1
837;Р7563;"Красный старт (1,25""х 16) 4 эфф, 2 уровня";1 499,00;1;1;8;Красный старт;3 640,00;0
838;Р7564;"С Новым годом! (1,25""х 19)";1 599,00;1;1;8;С Новым годом!;3 200,00;1
844;Р7591;"С Рождеством! (1,25""х 19) МОНОБЛОК";1 216,00;1;1;8;С Рождеством!;2 400,00;1
845;Р7592;"Калаш (1,25""х 19) МОНОБЛОК";1 216,00;1;1;8;Калаш;2 400,00;1
846;Р7593;"У Дачи (1,25""х 19) МОНОБЛОК";1 216,00;1;1;8;У Дачи;2 400,00;1
851;Р7612;"Три медведя (1,25""х 16)";1 855,00;1;1;8;Три медведя;3 150,00;1
855;Р7690;"Провокация (1,25""х 24) МОНОБЛОК";1 488,00;1;1;8;Провокация;2 900,00;1
857;Р7700;"Дедушка Мороз (1,25""х 24)";2 380,00;1;1;4;Дедушка Мороз;3 800,00;1
858;Р7750;"Мустанг (1,25""х 25) МОНОБЛОК 5 эфф";1 735,00;1;1;4;Мустанг;3 500,00;1
862;Р7808;"Суперхит (1,25""х 25)";2 862,00;1;1;4;Суперхит;4 850,00;1
864;Р7812;"За ВДВ! (1,25""х 28)";2 434,00;1;1;4;За ВДВ!;4 150,00;1
869;Р7822;"Волшебный фейерверк  (1,25""х 48)";4 496,00;1;1;3;Волш. фейерверк;8 500,00;1
876;Р7832;"Новогодние каникулы (1,25""х 35)";3 056,00;1;1;4;Новогод. каникулы;6 000,00;1
880;Р7844;"Ветер перемен (1,25""х 36) НОВЫЙ ЭФФЕКТ";3 620,00;1;1;4;Ветер перемен;5 800,00;1
908;Р7926;"Босс (1,25""х 49)";3 950,00;1;1;2;Босс;8 000,00;1
909;Р7951;"Сказка (1,25""х 49) НОВЫЙ ЭФФЕКТ";4 760,00;1;1;2;Сказка;8 250,00;1
913;Р7956;"Король солнце (1,25""х 49)";5 248,00;1;1;1;Король солнце;8 250,00;1
935;Р8272;"Птица-тройка (78: 1,25""  2,0"")";15 550,00;1;1;1;Птица-тройка;20 300,00;1
947;Р8315;"Русский размах (300: 0,8"" 1,0"" 1,25"" 1,8"")";36 100,00;1;1;1;Русский размах;43 300,00;1
963;Р8452;"Дерзкая роскошь (190: 0,8"", 1,25"")";17 370,00;1;1;1;Дерзкая роскошь;22 600,00;1
965;Р8463;"Флагман (1,25""х 99) МОНОБЛОК";6 800,00;1;1;2;Флагман;0,00;1
967;Р8470;"Салют в большом городе (1,25""х 100)";11 880,00;1;1;1;Салют в бол. гор.;15 450,00;1
986;Р8605;"Профессионал (2 блока: 1,25""х 200)";48 550,00;1;1;1;Профессионал;56 000,00;1
1003;Р8700;"Гладиатор (1,8""х 19)";5 490,00;1;1;2;Гладиатор;7 650,00;1
1018;Р9020;Пружинная хлопушка (21 см  метал. конфетти);50,00;1;1;192;Пруж. хлопушка;100,00;1
1022;Р9033;Свадебная (30 см  метал. сердца + лепестки роз);126,00;1;1;72;Свадебная-30м;250,00;1
1025;Р9060;Праздничная (60 см), (цв. бум. конфетти);127,00;1;1;36;Праздничная-60д;260,00;1
1027;Р9062;Свадебная (60 см  бум. сердца);148,00;1;1;36;Свадебная-60б;300,00;1
1028;Р9063;Свадебная (60 см  Сердца + лепестки роз);213,00;1;1;36;Свадебная-60м;430,00;1
1029;Р9064;Праздничная (60 см  конф + ден.купюры);186,00;1;1;36;Праздничная-60д;380,00;1
1030;Р9100;Праздничная (100 см  цв. бум. серп.);410,00;1;1;36;Праздничная-100;820,00;1
1083;РС018;Команда корсара Моргана 1 (30х20х12);420,00;12;20;30;Корсар Моргана 1;70,00;20
1084;РС020;Команда Корсара-1  терочный  60/12/20;144,00;20;12;60;Корсар-1;0,00;0
1085;РС021;Команда Корсара-1  терочный 20/12/60;432,00;60;12;20;Корсар-1;0,00;0
1088;РС024;Команда Корсара-4  16/12/12;696,00;12;12;16;Корсар-4;0,00;0
1089;РС025;Команда Корсара-4 ассорти 3 эффекта (бах, пламя+бах);972,00;12;12;16;Корсар-4 ассорти;0,00;0
1090;РС026;Команда Корсара-6  50/6;124,02;6;1;50;Корсар-6 ;0,00;0
1091;РС027;Команда Корсара-6 ассорти 3 эффекта (бах, пламя+бах);163,02;6;1;50;Корсар-6 ассорти;0,00;0
1092;РС106;Гремучая змея (связка петард);205,00;2;1;120;Гремучая змея;0,00;0
1093;РС107;Огненная юла (волчок);1 008,00;6;12;24;Огненная юла;220,00;12
1094;РС108;Огневушка-поскакушка (волчок);532,00;12;1;80;Огневушка;130,00;12
1095;РС109;Мега-Супер-ЖУК (волчок);672,00;4;6;18;Мега-Супер-ЖУК;80,00;24
1096;РС110;Джамбо (петарда фитильная);279,00;3;1;48;Джамбо;250,00;3
1097;РС111;Супер-Джамбо (петарда фитильная);1 449,00;7;1;8;Супер-Джамбо;390,00;0
1098;РС121;Корсар-1  (терочный);432,00;60;12;20;Корсар-1;150,00;12
1099;РС122;Корсар-3 (2 баха терочный );302,40;12;10;42;Корсар-3;0,00;0
1100;РС123;Корсар-3 (3 баха терочный);319,00;12;10;42;Корсар-3;90,00;12
1102;РС126;Команда Корсара-6 ассорти (тёрочный, 3 эффекта);163,00;6;1;48;Корсар-6 ассорти;0,00;0
1103;РС128;Команда Корсара Моргана-8     100/3;112,83;3;1;100;Корсар-8;0,00;0
1104;РС130;ПИКАРДА петарда фитильная (24х24х12);1 612,00;12;24;24;Пикарда;200,00;24
1105;РС131;Пуля-дура (петарда фитильная);760,00;10;10;32;Пуля-дура;220,00;10
1106;РС132;Бронебойная (петарда фитильная);337,00;5;1;40;Бронебойная;200,00;5
1107;РС133;Бомбейка (петарда фитильная);200,00;50;1;100;Бомбейка;450,00;1
1109;РС137;Граната РГД (петарда фитильная);460,00;4;1;36;Граната РГД;250,00;4
1110;РС138;Граната противопехотная (петарда с чекой);413,00;6;1;50;Гран. противопех.;170,00;0
1111;РС140;Дикие пчёлы (летающая вертушка);720,00;12;10;24;Дикие пчёлы;210,00;10
1114;РС142;Волшебный мотылёк (летающая вертушка);228,00;12;1;60;Волшеб. мотылёк;60,00;12
1115;РС144;Майский жук (летающая вертушка);291,00;6;1;36;Майский жук;130,00;6
1117;РС148;Божья корвка (летающая вертушка);228,00;2;1;40;Божья корвка;250,00;2
1118;РС149;Корабль пришельцев (летающая вертушка);412,00;4;1;40;Кор. пришельцев;190,00;4
1124;РС170;Резервная валюта (фонтан + 12 залпов салюта);856,00;1;1;24;Резервная валюта;1 700,00;1
1125;РС171;Зашибись (фонтан + 12 залпов салюта);1 102,00;1;1;12;Зашибись;2 200,00;1
1126;РС172;"салют+фонтан ""Лакшери""  3 фонтана + 12 залпов";996,00;1;1;12;Лакшери;0,00;0
1127;РС174;ПироMAN и пироWOMAN (2 фонтана + 18 залпов салюта);2 700,00;1;1;4;ПироM и пироW;0,00;1
1132;РС220;Ариэль (набор ракет, шесть разных эффектов);150,00;6;1;72;Ариэль набор;80,00;6
1133;РС230;Феникс (набор ракет, шесть разных эффектов);690,00;6;1;24;Феникс набор;1 500,00;1
1134;РС231;Пегас (набор ракет, пять разных эффектов);715,00;5;1;20;Пегас набор;250,00;0
1135;РС240;Сириус (набор ракет, четыре разных эффекта);880,00;4;1;16;Сириус набор;470,00;4
1137;РС245;Земля - воздух (набор ракет);2 748,00;3;1;12;Земля - воздух;0,00;0
1138;РС250;Андромеда (набор ракет из двух разных эффектов);2 496,00;2;1;12;Андромеда набор;2 300,00;2
1139;РС251;Сверхновая;1 474,00;1;1;24;Сверхновая;2 800,00;1
1144;РС345;"Фонтаны ""Цветной дым""  (пять разных цветов)";271,00;5;1;72;Фонт. Цвет. дым;130,00;5
1146;РС347;"Факел ""Цветной дым"" (цвета: красный, синий, зел.)";860,00;4;1;24;Факел Цвет. дым;450,00;4
1179;РС455;Коварная Мэри;1 300,00;1;1;12;Коварная Мэри;2 500,00;1
1180;РС456;Тумба-юмба;695,00;1;1;12;Тумба-юмба;0,00;1
1183;РС459;Боровик (фонтан в форме гриба);590,00;1;1;12;Боровик;1 200,00;1
1185;РС461;Бурный Везувий (конус );1 795,00;4;1;10;Бурный Везувий;900,00;4
1186;РС462;Благородная Фудзияма (конус);783,00;1;1;12;Фудзияма;1 500,00;2
1187;РС463;Чумовой Кракатау (конус);1 379,00;1;1;12;Чумовой Кракатау;2 500,00;1
1188;РС470;Балет (фонтан+салют, высота форса фонтана до 1,5м);544,00;4;1;24;Балет;280,00;4
1189;РС471;Цветок папоротника;1 120,00;1;1;12;Цветок папоротн.;2 100,00;1
1191;РС473;СнегоMan;475,00;1;1;32;Снеговик;950,00;1
1192;РС474;Чудо-Юдо;264,00;1;1;48;Чудо-Юдо;550,00;1
1193;РС475;Ночные бабочки;2 382,00;1;1;4;Ночные бабочки;3 950,00;1
1194;РС476;Огненный букет;3 160,00;1;1;4;Огненный букет;5 250,00;1
1196;РС478;Мир для двоих;631,00;1;1;24;Мир для двоих;1 200,00;1
1197;РС479;Шапка Мономаха (новый эффект);1 583,00;1;1;8;Шапка Мономаха;1 250,00;1
1198;РС480;Анютины глазки;144,00;1;1;72;Анютины глазки;350,00;1
1199;РС481;Вася-василек;144,00;1;1;72;Вася-василек;350,00;1
1202;РС484;Снежный человек;999,00;1;1;8;Снежный человек;2 000,00;1
1207;РС492;Дружба народов (форс до 8м);1 366,00;1;1;8;Дружба народов;2 500,00;1
1208;РС494;Сапфиры и бриллианты;2 702,00;1;1;4;Сапф. и брилл.;4 300,00;1
1209;РС500;"Танец  огня  (0,8""x 8)";616,00;2;1;36;Танец  огня;600,00;2
1210;РС501;"Фуэтэ (0,8""x 8)";616,00;2;1;36;Фуэтэ;600,00;2
1211;РС502;"Танец на льду  (0,8""x 8)";616,00;2;1;36;Танец на льду;600,00;2
1212;РС503;"Болеро  (0,8""x 5)";328,00;2;1;36;Болеро;350,00;2
1216;РС507;"На абордаж  (0,8""x 5)";370,00;2;1;36;На абордаж;380,00;2
1217;РС508;"Дамский каприз  (0,8""x 5)";370,00;2;1;36;Дамский каприз;380,00;2
1220;РС511;"Звёзды и изумруды (0,8""х 3)";528,00;4;1;18;Звёзды и изумруд.;0,00;0
1222;РС513;"Поцелуй снежинки  (0,8""x 3)";249,00;2;1;36;Поцелуй снежинки;250,00;2
1223;РС514;"Ледяное сердце (0,8""x 5)";600,00;4;1;24;Ледяное сердце;300,00;4
1224;РС515;"Малиновый звон  (0,8""x 5)";370,00;2;1;36;Малиновый звон;380,00;2
1225;РС516;"Зимняя сказка (1,0""х 3)";484,00;2;1;24;Зимняя сказка;490,00;2
1226;РС517;"Вишнёвое варенье (1,0""х 5)";598,00;2;1;24;Вишнёвое варенье;580,00;2
1227;РС518;"Мороз и солнце (1,0""х 6)";656,00;2;1;24;Мороз и солнце;690,00;2
1228;РС519;"Снежный вальс (1,0""х6)";670,00;2;1;24;Снежный вальс;690,00;2
1229;РС520;"Новогодний оливье  (1,0""x 8)";828,00;2;1;36;Новогодний оливье;810,00;2
1230;РС521;"Мишура на ура  (1,0""x 8)";828,00;2;1;36;Мишура на ура;810,00;2
1231;РС522;"Ежик в тумане  (1,0""x 8)";828,00;2;1;24;Елочки-иголочки;900,00;2
1234;РС530;"Новогодний калейдоскоп  (1,2""x 8)";639,00;1;1;36;Новог-й калейдоск.;1 300,00;1
1235;РС531;"Снеговик-затейник  (1,2""x 8)";639,00;1;1;36;Снеговик-затейник;1 300,00;1
1236;РС532;"Золотая рыбка (1,2""х  5)";408,00;1;1;36;Золотая рыбка;780,00;1
1237;РС533;"Мир фиалок (1,2""х 5)";397,00;1;1;36;Мир фиалок;780,00;1
1238;РС534;"Стрелы Купидона (1,2"" х 5)";370,00;1;1;36;Стрелы Купидона;800,00;1
1239;РС535;"ПироКалаш (1,2"" х 8)";570,00;1;1;36;ПироКалаш;1 200,00;1
1240;РС540;"Магия огня (1,5""х 8)";970,00;1;1;25;Магия огня;1 700,00;1
1241;РС541;"Биение сердец (1,5""х 3)";654,00;1;1;25;Биение сердец;1 200,00;1
1242;РС542;"Праздник ёлки (1,5""х6)";750,00;1;1;25;Праздник ёлки;1 500,00;1
1243;РС550;"Снежинки  (0,6""х 8)";236,00;4;1;42;Снежинки;160,00;4
1244;РС551;"Смайлики (0,6""х 8)";288,00;4;1;42;Смайлики;180,00;4
1245;РС552;"Яркое удовольствие (0,8""х4)";275,00;2;1;36;Яркое удовольст.;280,00;2
1246;РС553;"Млечный путь (0,8""х 6)";676,00;4;1;24;Млечный путь;700,00;2
1247;РС554;"Зимние потешки (0,8""х 6)";678,00;2;1;24;Зимние потешки;690,00;2
1248;РС565;"Тирамису (0,7"" х 6)";620,00;4;1;24;Тирамису;0,00;0
1249;РС566;"Шоколадка (0,7"" х 8)";828,00;4;1;24;Шоколадка;400,00;4
1262;РС604;"Йоулупукки (финский дед Мороз) (0,8""х 16)";648,00;1;1;24;Йоулупукки;1 300,00;1
1263;РС605;"Ритм жизни  (0,8""х 16) МОДУЛЬ";648,00;1;1;24;Ритм жизни;1 300,00;1
1264;РС606;"Фейерверк на районе  (0,8""х 16) МОДУЛЬ";648,00;1;1;24;Фейерверк на р-не;1 300,00;1
1266;РС608;"Всегда готов!  (0,8""х 19) МОДУЛЬ";744,00;1;1;24;Всегда готов!;1 450,00;1
1268;РС610;"Даёшь молодёжь!  (0,8""х 25) МОДУЛЬ";999,00;1;1;16;Даёшь молодёжь!;1 950,00;1
1269;РС611;"Мальчишник  (0,8""х 25)";1 112,00;1;1;18;Мальчишник;2 250,00;1
1271;РС613;"Шаляй-Валяй (0,8""х 25)  МОДУЛЬ";999,00;1;1;16;Шаляй-Валяй;1 950,00;1
1272;РС614;"Юный Дедморозовец  (0,8""х 25) МОДУЛЬ";999,00;1;1;16;Юный Дедмороз.;1 950,00;1
1273;РС615;С новым счастьем!  (0,8х 25);999,00;1;1;16;С новым счастьем!;1 950,00;1
1275;РС616;"Маугли  (0,8""х 10)";459,00;1;1;24;Маугли;950,00;1
1278;РС620;"Радость общения  (0,8""х 37)";1 898,00;1;1;12;Радость общения;3 250,00;1
1279;РС621;"Столичные дворики  (0,8""х 48)  МОДУЛЬ";1 900,00;1;1;8;Столичные дворики;3 100,00;1
1280;РС622;"3Д:Сугробы смеха  (0,8""х 36)";1 180,00;1;1;12;Сугробы смеха;2 400,00;1
1281;РС623;"Гламур и богема  (0,8""х 49)";2 800,00;1;1;6;Гламур и богема;5 200,00;1
1283;РС625;"3Д:Озеро Рица  (0,8""х 36) МОДУЛЬ";1 240,00;1;1;12;3Д: Озеро Рица;2 450,00;1
1285;РС627;"3Д: Священный Байкал  (0,8""х 48) МОДУЛЬ";1 650,00;1;1;8;3Д: Свящ. Байкал;2 950,00;1
1287;РС629;"3Д: Верные друзья (0,8""х 48) МОДУЛЬ";1 700,00;1;1;8;"3Д: Верные друзья (0,8""х 48) МОДУЛЬ";2 700,00;1
1288;РС640;"Бриллиантовый блеск  (0,8""х 64)";2 600,00;1;1;8;Бриллиант.й блеск;4 600,00;1
1295;РС657;"Лекарство от меланхолии (0,8"" х 100) МОДУЛЬ";4 616,00;1;1;4;Лек-во от меланхол;7 500,00;1
1297;РС659;"3Д:Небесная феерия  (0,8""х 100)";3 900,00;1;1;4;Небесная феерия;6 970,00;1
1307;РС680;"Неваляшка  (1,75""x 6)";557,00;1;1;15;Неваляшка;1 150,00;1
1309;РС682;"Звёзды дискотек  (2,0""x 6)";903,00;1;1;12;Звёзды дискотек;1 440,00;1
1311;РС684;"Двухдюймовочка (2,0""x6)";2 034,00;1;1;12;Двухдюймовочка;2 970,00;1
1313;РС686;"Тики-така  (0,6"" х 30)";769,00;1;1;12;Тики-така;1 480,00;1
1318;РС692;"Парадиз (0,7"" х 12)";399,00;1;1;24;Парадиз;800,00;1
1324;РС702;"Ура! Каникулы!  (1,0""х 10)";730,00;1;1;24;Ура! Каникулы!;1 450,00;1
1325;РС703;"Одноклассники!  (1,0""х 12)";850,00;1;1;16;Одноклассники!;1 700,00;1
1326;РС704;"Северное сияние  (1,0""х 13) новый эффект";711,00;1;1;16;Северное сияние;1 450,00;1
1327;РС705;"Счастье моё...(1,0"" х 16)";975,00;1;1;18;Счастье моё...;1 950,00;1
1328;РС706;"Сказочный  сон   (1,0""х 16) МОДУЛЬ";975,00;1;1;18;Сказочный  сон;1 950,00;1
1329;РС707;"Для милых дам   (1,0""х 19) МОДУЛЬ";1 150,00;1;1;18;Для милых дам;2 300,00;1
1337;РС715;"Юниор (1,0""х 25)";2 500,00;1;1;8;Юниор;1 900,00;1
1338;РС716;"3Д:Зимний праздник (1,0""х 20)";1 000,00;1;1;12;Зимний праздник;1 950,00;1
1339;РС717;"Пенальти (1,0"" х 25)";1 500,00;1;1;8;Овертайм;3 000,00;1
1341;РС719;"Мужичок-Снеговичок  (1,0""х 25) МОДУЛЬ";1 500,00;1;1;8;Мужичок-Снегович.;2 950,00;1
1342;РС720;"Хохлома   (1,0""х 25) МОДУЛЬ";1 500,00;1;1;8;Хохлома;2 950,00;1
1344;РС722;"Жемчужное сияние  (1,0""х 25) МОДУЛЬ";1 600,00;1;1;8;"Жемчужное сияние  (1,0""х 25) МОДУЛЬ";2 600,00;1
1345;РС723;"Искристая сказка  (1,0""х 25) МОДУЛЬ";1 500,00;1;1;8;Искристая сказка;3 100,00;1
1347;РС725;"Жизнь удалась!  (1,0""х 36) МОДУЛЬ";2 300,00;1;1;8;Жизнь удалась!;4 500,00;1
1348;РС726;"Сказочный лес   (1,0""х 36) МОДУЛЬ";2 300,00;1;1;8;Сказочный лес;3 700,00;1
1349;РС727;"Каменные джунгли  (1,0""х 36) МОДУЛЬ";2 198,00;1;1;8;Каменные джунгли;3 500,00;1
1350;РС728;"Гуляй, пока молодой…. (1,0"" х 36) МОДУЛЬ";2 200,00;1;1;8;Гуляй, пока молод.;0,00;0
1358;РС741;"Старый Новый год (1,0""х 49)";3 200,00;1;1;8;Старый Новый год;5 200,00;1
1359;РС742;"Ледяные узоры   (1,0""х 48) МОДУЛЬ";3 200,00;1;1;6;Ледяные узоры;5 100,00;1
1360;РС743;"Новогодний сюрприз  (1,0""х 48)  МОДУЛЬ";2 988,00;1;1;8;Новогодн. сюрприз;4 800,00;1
1376;РС781;"Сто в одном  (1,0""х 100) МОДУЛЬ";6 200,00;1;1;2;Сто в одном;9 300,00;1
1390;РС801;"Экзотический коктейль  (1,2""х 12)";1 300,00;1;1;8;Экзотич. коктейль;2 650,00;1
1394;РС805;"Ночное рандеву   (1,2""х 16) МОДУЛЬ";1 290,00;1;1;12;Ночное рандеву;2 550,00;1
1395;РС806;"Медовый месяц (1,2""х 16)   МОДУЛЬ";1 290,00;1;1;12;Медовый месяц;2 550,00;1
1396;РС807;"Кремлёвские куранты  (1,2""х 19)  МОДУЛЬ";1 500,00;1;1;8;Кремлёв. куранты;2 800,00;1
1397;РС808;"В день рождения   (1,2""х 19)  МОДУЛЬ";1 500,00;1;1;8;В день рождения;2 800,00;1
1398;РС809;"Разноцветные снежинки   (1,2""х 19)  МОДУЛЬ";1 500,00;1;1;8;Разноцв. снежинки;2 800,00;1
1399;РС810;"С Новым Годом!  (1,2""х 19)  МОДУЛЬ";1 500,00;1;1;8;С Новым Годом!;2 800,00;1
1400;РС811;"Круче не бывает!   (1,2""х 19) МОДУЛЬ";1 500,00;1;1;8;Круче не бывает!;2 800,00;1
1406;РС818;"Подарок от Деда Мороза  (1,2""х 25)  МОДУЛЬ";1 990,00;1;1;8;Подарок от Д. М.;3 350,00;1
1407;РС819;"Салют молодежи!  (1,2""х 25) МОДУЛЬ";1 990,00;1;1;8;Салют молодежи!;3 350,00;1
1409;РС821;"Древо желаний (1,2""х 25) МОДУЛЬ";2 100,00;1;1;4;Древо желаний;3 500,00;1
1410;РС822;"Восьмое чудо света (1,2""х 25) МОДУЛЬ";2 100,00;1;1;4;8-ое чудо света;3 500,00;1
1412;РС824;"Симфония огня  (1,2""х 25) МОДУЛЬ";1 990,00;1;1;8;Симфония огня;3 200,00;1
1413;РС825;"Обыкновенное чудо (1,2""х 36) МОДУЛЬ";3 200,00;1;1;4;Обыкновен. чудо;5 100,00;1
1416;РС828;"3Д:Садко  (1,2""х 36)  МОДУЛЬ";2 954,00;1;1;4;Садко;5 900,00;1
1419;РС831;"3Д:Новогодние фантазии  (1,2""х 36) МОДУЛЬ";2 800,00;1;1;6;Новог. фантазии ;500,00;1
1424;РС836;"ВКС: Высоко.Красиво.Стильно. (1,2""х 36) МОДУЛЬ";3 376,00;1;1;4;ВКС;5 400,00;1
1425;РС837;"ФСБ: Фейерверк-Салют-Балдёж(1,2""х48)";4 490,00;1;1;2;ФСБ;6 750,00;1
1428;РС840;"Малахитовая шкатулка  (1,2""х 48)  МОДУЛЬ";4 159,00;1;1;4;Малахит. шкатулка;6 700,00;1
1449;РС871;"3Д:Брутальный (1,2""х100)";8 000,00;1;1;1;Брутальный;0,00;1
1468;РС890;"СССР: Самый Стильный Салют России (1,2""х 288)";35 000,00;1;1;1;СССР;0,00;1
1476;РС900;"Народный (0,8"" 1,0"" 1,2""х48)";2 900,00;1;1;4;Народный;5 500,00;1
1477;РС901;"Юбилейный - 50  (50 : 1,2""  1,5""  2,0"")";7 675,00;1;1;1;Юбилейный - 50;13 000,00;1
1488;РС912;"3Д:Новогоднее настроение (172 : 0,8""  1,0""  1,2"")";12 750,00;1;1;1;Новогоднее настр.;0,00;1
1492;РС916;"Красная поляна (388 : 0,8"", 1,0""  веерные залпы)";29 673,00;1;1;1;Красная поляна;0,00;1
1517;РТ210;"Набор ""Любимой принцессе""";48,40;1;1;25;Любим.принцессе;100,00;1
1518;РТ211;"Набор ""Любимому футболисту""";48,40;1;1;25;Люб. футболисту;100,00;1
1521;РТ303;"Светильник ""Романтика""";44,47;1;1;72;Свет. Романтика;90,00;1
1523;РТ305;"Свеча ""Лотос""";41,29;1;1;72;Свеча Лотос;80,00;1
1526;РФ103;Н.фон Сердце (38х70х102)  Красный;53,00;1;1;250;Н.фонарик Сердце;140,00;1
1537;С059;"Мультимедийный Фейерверк (1-1,2"" x 52)";6 750,00;1;1;2;Мульт. Фейерверк;9 800,00;1
1540;С066;"Сокровище Пиратов (1,2-1,5"" x 68)";8 120,00;1;1;2;Сокровище Пират.;12 100,00;1
1559;СРС005;"Professional-150 (1,2"" x 150)";13 650,00;1;1;1;Professional-150;17 700,00;1
1563;ТР104;"Хлопушка ""Макси""";29,28;1;1;116;Хлопушка;60,00;1
1565;ТР107;"Хлопушка ""Супер"" с сюрпризом";52,08;3;1;150;Хлопушка;35,00;3
1566;ТР108;"Хлопушка ""Супер с серпантином""";59,40;3;1;150;Хлопушка;40,00;3
1567;ТР109;"Хлопушка ""Макси с сюрпризом ""Маска""";34,61;1;1;116;Хлопушка;70,00;1
1568;ТР110;"Хлопушка ""Макси с серпантином""";33,94;1;1;116;Хлопушка;70,00;1
1569;ТР111;"Набор хлопушек ""Знаки Зодиака""";449,21;12;1;20;Знаки Зодиака;70,00;12
1570;ТР112;"Набор хлопушек ""Весёлая тусовка""";449,21;12;1;20;Весёлая тусовка;70,00;12
1572;ТР114;"Хлопушка ""Супер Гранд"" с серпантином";34,34;1;1;308;Супер Гранд;70,00;1
1573;ТР115;"Хлопушка ""Макси Гигант"" с серпантином";50,31;1;1;120;Макси Гигант;90,00;1
1574;ТР151;Бенг. свечи 400 прямоугольная;99,83;3;1;50;Бенг. свечи 400;200,00;1
1575;ТР152;Бенг. свечи 350 треугольная;96,67;3;1;44;Бенг. свечи 350;180,00;1
1576;ТР153;Бенг. свечи 350 прямоугольная;96,67;3;1;50;Бенг. свечи 350;170,00;1
1577;ТР154;Бенг. свечи 600 прямоугольная;137,76;3;1;20;Бенг. свечи 600;280,00;1
1578;ТР155;Бенг. свечи 170;13,98;6;1;200;Бенг. свечи 170;40,00;1
1579;ТР156;Бенг. свечи 210;16,34;6;1;200;Бенг. свечи 210;50,00;1
1580;ТР157;"Бенг. свечи 170 ""Экстра""";14,70;6;1;200;Бенг. свечи 170э;40,00;1
1581;ТР158;Бенг. свечи 170 Спектр (разноцв.);21,60;6;1;200;Бенг. свечи 170с;50,00;1
1583;ТР160;Бенг. свечи 210 Спектр (разноцв.);27,04;6;1;200;Бенг. свечи 210с;50,00;1
1584;ТР161;"Бенг. свечи ""Звездочка"" (фигурная)";42,11;2;1;100;Звездочка;100,00;1
1585;ТР162;"Бенг. свечи ""Сердечко"" (фигурная)";46,46;2;1;100;Сердечко;100,00;1
1586;ТР163;"Бенг. свечи ""Елочка"" (фигурная)";50,64;2;1;100;Елочка;100,00;1
1587;ТР164;"Бенг. свечи ""Свиристель"" (со свистом)";49,01;5;1;120;Свиристель;100,00;1
1590;ТР705;"Пневмо-хлопушка ""Пистоль""";33,88;2;1;50;Пистоль;30,00;2
1592;ТР707;"Пневмо-хлопушка ""Букетик""";33,88;3;1;70;Букетик;20,00;3
1593;ТР708;"Пневмо-хлопушка ""ZOOпарк""";33,88;3;1;70;ZOOпарк;20,00;3
1594;ТР709;"Пневмо-хлопушка ""Супер букетик""";33,88;2;1;70;Супер букетик;30,00;2
1595;ТС610;"Золотая рыбка (0,8""х 10)";366,00;1;1;24;Золотая рыбка;800,00;1
1596;ТС620;"Снегоман (0,8"" х 16)";510,00;1;1;24;Снеговичок;980,00;1
1597;ТС630;"Конек-Горбунок (0,8""х 19)";600,00;1;1;16;Конек-Горбунок;1 200,00;1
1598;ТС641;"Снежинки и смешинки (0,8""х 25)";800,00;1;1;18;Снежинки и смеш.;1 600,00;1
1599;ТС642;"Снегири, МОДУЛЬ (0,8""х 25)";860,00;1;1;16;Снегири;1 750,00;1
1600;ТС643;"Снегопарни (0,8""х 25)";780,00;1;1;12;Снегопарни;1 600,00;1
1602;ТС652;"Цветущая сакура (0,8""х 36)  МОДУЛЬ";1 240,00;1;1;12;Цветущая сакура;2 450,00;1
1603;ТС653;"Дед Мазай (0,8""х 36)";1 190,00;1;1;12;Дед Мазай;2 400,00;1
1604;ТС661;"Страна чудес (0,8""х 48)  МОДУЛЬ";1 650,00;1;1;8;Страна чудес;3 200,00;1
1605;ТС662;"Ледовые забавы (0,8""х 49)";1 570,00;1;1;8;Ледовые забавы;3 000,00;1
1606;ТС671;"Хоровод на Новый год (0,8""х 88)";2 935,00;1;1;4;Хоровод на НГ;0,00;1
1607;ТС681;"Русская тройка (0,8""х 100)  МОДУЛЬ";3 800,00;1;1;4;Русская тройка;6 200,00;1
1608;ТС682;"Рождественский (0,8""х 100)  МОДУЛЬ";3 800,00;1;1;4;Рождественский;6 100,00;1
1610;ТС710;"Огненный дракон (1,0""х 13)";710,00;1;1;12;Огненный дракон;1 420,00;1
1611;ТС720;"Мурзик и Барсик (1,0""х 16)";800,00;1;1;12;Мурзик и Барсик;1 550,00;1
1616;ТС730;"Зимние узоры (1,0""х 19)  МОДУЛЬ";1 040,00;1;1;18;Зимние узоры;1 950,00;1
1617;ТС741;"Новогодний (1,0""х 25) МОДУЛЬ";1 370,00;1;1;12;Новогодний;2 750,00;1
1618;ТС742;"С Новым годом! (1,0""х 25) МОДУЛЬ";1 370,00;1;1;12;С Новым годом!;2 750,00;1
1620;ТС752;"В тренде… (1,0""х 36)";1 818,00;1;1;8;В тренде…;3 200,00;1
1621;ТС761;"Пульс планеты (1,0""х 49)";2 325,00;1;1;4;Пульс планеты;4 500,00;1
1628;ТС831;"Брызги шампанского (1,2"" х 19)";1 322,00;1;1;6;Брызги шампанск.;2 650,00;1
1629;ТС832;"Хвоя и мандарины (1,2"" х 19) МОДУЛЬ";1 500,00;1;1;6;Хвоя и мандарины;2 700,00;1
1630;ТС841;"Коктебель (1,2"" х 25)";1 740,00;1;1;6;Коктебель;2 800,00;1
1631;ТС842;"Южное лето (1,2"" х 25) МОДУЛЬ";1 978,00;1;1;4;Южное лето;3 200,00;1
1632;ТС851;"Огни Сибири (1,2"" х 36) МОДУЛЬ";2 800,00;1;1;4;Огни Сибири;4 600,00;1
1634;ТС861;"Новогодняя сказка (1,2"" х 49)";3 412,00;1;1;4;Новогодняя сказка;6 800,00;1
1638;ФДЖ;Факел дымовой желтый;919,60;4;1;18;Факел дым. ж.;380,00;4
1641;ФДО;Факел дымовой оранжевый;919,60;4;1;18;Факел дым. о.;380,00;4
1642;ФДС;Факел дымовой синий;1 064,80;4;1;18;Факел дым. с.;440,00;4
1643;ФОЖ;Факел огневой желтый;822,80;4;1;18;Факел огн. ж.;340,00;4
1645;ФОК;Факел огневой красный;822,80;4;1;18;Факел огн. к.;340,00;4
1646;ФОС;Факел огневой синий;968,00;4;1;18;Факел огн. с.;390,00;4
1647;брил40бел;Н.фон. Бриллиант (40х70х100);58,08;1;1;40;Н.фонарик Брилл.;120,00;1
1656;овал31бел;Н.фон. Овал (31х40х70);53,24;1;1;40;Н.фонарик Овал;100,00;1
1672;цил40бел;Н.фон. Цилиндр (40х40х110);58,08;1;1;40;Н.фонарик Цилин.;120,00;1
1673;;Тест склада;20,00;0;0;0;;0,00;0
1674;K0201;Super warrior;220,00;60;10;24;Super warrior;0,00;0
1675;P1005;Happy boom;460,00;10;10;20;Happy boom;0,00;0
1676;GWL-0010;Roman candle (0,8'' x 8);671,00;4;1;24;Roman candle;0,00;4
1677;SF-398A;Roman candle (1,0'' x 8);342,00;1;1;36;Roman candle;0,00;1
1678;SF-398В;Roman candle (1,0'' x 8);342,00;1;1;36;Roman candle;0,00;1
1679;GWL-0012A;Roman candle (1,2'' x 8);471,00;1;1;24;Roman candle;0,00;1
1680;GW218-91;Dark worlock   (0,8''x 9);284,00;1;1;36;Dark worlock;0,00;1
1681;GW218-92;Dark worlock   (0,8''x 9);284,00;1;1;36;Dark worlock;0,00;1
1682;GW218-97;Sky sity   (0,8''x 10);316,00;1;1;30;Sky sity;0,00;1
1683;GP497/2;We are the night  (0,8''x 16);435,00;1;1;24;We are the night;0,00;1
1684;GP493;Word    (0,8''x 19);553,00;1;1;18;Word;0,00;1
1685;GP498;Dream  (0,8''x 25);666,00;1;1;12;Dream;0,00;1
1686;GP498/2;Sofia  (0,8''x 25);675,00;1;1;12;Sofia;0,00;1
1687;MC107;Show   (0,8''x 36);1 137,00;1;1;12;Show;0,00;1
1688;МС134;Wind   (0,8''x 100);3 529,00;1;1;4;Wind;0,00;1
1689;GW218-74;Red pion (1,0''x 12);540,00;1;1;18;Red pion;0,00;1
1690;GP475;Angry tiger  (1,0'' x 15);794,00;1;1;12;Angry tiger;0,00;1
1691;GP550;Golden coco  (1,0'' x 16);743,00;1;1;24;Golden coco;0,00;1
1692;GP510;Wonderful perfomanse (1,0'' x 19);919,00;1;1;12;Wond. perfomanse;0,00;1
1693;GWM5033;Deep yellow  (1,2'' x 19);1 241,00;1;1;8;Deep yellow;0,00;1
1694;MC098;Speed  (1,2'' x 25);1 786,00;1;1;4;Speed;0,00;1
1695;SB-13-02;Splendid  (1,2'' x 13);744,00;1;1;10;Splendid;0,00;1
1696;SB-19-03;Love of green (1,2'' x 19);1 179,00;1;1;8;Love of green;0,00;1
1697;SB-25-03;Big sure  (1,2'' x 25);1 405,00;1;1;4;Big sure;0,00;1
1698;С039;"Русский сувенир  (1""-1,2""-1,5""х 31)";2 650,00;1;1;4;Русский сувенир;0,00;1
1699;С068;"Салют Победы  (1""-1,2""х 39)";3 150,00;1;1;2;Салют Победы;0,00;1
1700;D7702;"Cлезы ангела   (1,2""х25)";1 650,00;1;1;4;Cлезы ангела;0,00;1
1701;D7900;"Сочельник   (1,2""х36)";2 520,00;1;1;4;Сочельник;0,00;1
1702;D7982;"Звездная россыпь   (1,2""х49)";3 400,00;1;1;2;Звездная россыпь;0,00;1
1703;D8330;"Калейдоскоп   (1""х64)";2 580,00;1;1;2;Калейдоскоп;0,00;1
1704;БСП0510012;Свадебный букет (1,2''x 100);13 000,00;1;1;4;Свадебный букет;0,00;1
1705;БСП0610012;"Остров Пасхи (01,2""x100)";13 000,00;1;1;4;Остров Пасхи;0,00;1
1706;БСП0130008;Галантный век (0,8''x300);18 000,00;1;1;4;Галантный век;0,00;1
1707;БСП0230010;Испаньола ( 1''x 300  );27 000,00;1;1;4;Испаньола;0,00;1
1708;БСП0204918;"Танжер (1,8"" х 49)";13 600,00;1;1;4;Танжер;0,00;1
1709;БСР0203008-12;"Альбатрос ( 0,8""-1,2"" х 30)";1 080,00;1;1;4;Альбатрос;0,00;1
1710;БСР0306808-12;"Ирбис (0,8""-1,2""х 68)";8 500,00;1;1;1;Ирбис;0,00;1
1711;БСК0108110;"Крестоносец (1""х81)";5 600,00;1;1;1;Крестоносец;0,00;1
1712;БСК0104608-10-12;"Экскалибур (0.8""-1""-1.2""х 46)";3 500,00;1;1;1;Экскалибур;0,00;1
1713;А7300;"Галактика 25 (1,25""х25)";2 750,00;1;1;4;Галактика 25;0,00;1
1714;А7309;"Озеро Титикака (1,25""х25)";2 750,00;1;1;4;Озеро Титикака;0,00;1
1715;А7310;"Золотая серия 25 (1,25""х25)";2 750,00;1;1;4;Золотая серия 25;0,00;1
1716;А7312;"Зимний сад (1,25""х 25)";2 400,00;1;1;4;Зимний сад;0,00;1
1717;А7313;"Рог Изобилия (1,25""х25)";2 750,00;1;1;4;Рог Изобилия;0,00;1
1718;А7314;"Голубой Огонек (1,25""х25)";2 750,00;1;1;4;Голубой Огонек;0,00;1
1719;А7381;"Фестиваль (модуль) (1"" х 36)";2 200,00;1;1;4;Фестиваль;0,00;1
1720;А7382;"Мир салютов (модуль) (1,1""х36)";2 500,00;1;1;4;Мир салютов;0,00;1
1721;А7383;"Новый год (1""х36)";2 750,00;1;1;6;Новый год;0,00;1
1722;А7408;"Любит не Любит (1,25""х36)";4 050,00;1;1;4;Любит не Любит;0,00;1
1723;А7424;"Ящик пандорры (1,25""х37)";4 050,00;1;1;4;Ящик пандорры;0,00;1
1724;C080;"Снегурочка  (1,2""-1,5""х 118)";16 200,00;1;1;1;Снегурочка;0,00;1
1725;А7433;"Брызги шампанского (1""-1,25х36)";3 000,00;1;1;4;Брызги шампанск.;0,00;1
1726;А7437;"Война миров (модуль) (1""х49)";3 000,00;1;1;4;Война миров;0,00;1
1727;А7504;"С Новым годом! (1,25""х49)";5 600,00;1;1;2;С Новым годом!;0,00;1
1728;А7506;"Мороз красный нос (модуль) (1,1""х49)";4 100,00;1;1;2;Мороз красный нос;0,00;1
1729;А7508;"Пагода (1,25""х49)";5 600,00;1;1;2;Пагода;0,00;1
1730;А7515;"Затерянный мир (1,25""х49)";5 600,00;1;1;2;Затерянный мир;0,00;1
1731;А7519;"Патриот (1,25""х50)";6 000,00;1;1;2;Патриот;0,00;1
1732;А7535;"Новогодняя вечеринка (1""х100)";8 100,00;1;1;2;Новог. вечеринка;0,00;1
1733;А7600;"Снежный Вальс (1,25""х100)";11 600,00;1;1;1;Снежный Вальс;0,00;1
1734;А7602;"Медуза Горгона (1,25""х100)";11 600,00;1;1;1;Медуза Горгона;0,00;1
1735;А7616;"Новогодняя карусель (1,25""х100)";11 600,00;1;1;1;Новог. карусель ;0,00;1
1736;А7617;"Карнавальная ночь (1,25""х100)";11 600,00;1;1;1;Карнавальная ночь;0,00;1
1737;А7618;"Поле Чудес (1,25""х100)";11 600,00;1;1;1;Поле Чудес;0,00;1
1738;СК475;"Чикаго(1,2""х160)";12 500,00;1;1;1;Чикаго;0,00;1
1739;СК537;"Зимняя симфония(1""х36)";1 900,00;1;1;4;Зимняя симфония;0,00;1
1740;СА470;"Амстердам (0,8""х100)";3 900,00;1;1;1;Амстердам;0,00;1
1741;СА625;"Не детская игрушка(1,2""х 25 )";2 245,00;1;1;4;Не дет. игрушка;0,00;1
1742;ЕС550;"Всё в порядке! (1,0""х 100) МОНОБЛОК";4 399,00;1;1;2;Всё в порядке!;0,00;1
1743;ЕС650;"Новогодняя шумиха (1,25""х 20) МОНОБЛОК";1 412,00;1;1;8;Новогод. шумиха;0,00;1
1744;ЕС662;"Суперстар (1,25""х 24)";1 699,00;1;1;4;Суперстар;0,00;1
1745;ЕС760;"Счастливая планета (1,25""х 100) МОНОБЛОК";6 685,00;1;1;1;Счастливая планет;0,00;1
1746;ЕС768;"Стольник (1,25""х 100) МОНОБЛОК";6 699,00;1;1;1;Стольник;0,00;1
1747;DF 703012025;"РУССКАЯ КРАСАВИЦА (1,2""х25)";1 500,00;1;1;4;Русская красавица;0,00;1
1748;DF 702012025;"Звезды декабря (1,2""х25)";1 500,00;1;1;4;Звезды декабря;0,00;1
1749;DF 701012036;"Жить хорошо (1,2""х36)";2 400,00;1;1;4;Жить хорошо;0,00;1
1750;DF 701012049;"Ирония Судьбы (1,2""х49)";2 400,00;1;1;4;Ирония Судьбы;0,00;1
1751;DF 703012049;"Жаркое танго (1,2""х49)";2 500,00;1;1;4;Жаркое танго;0,00;1
1752;DF 701012019;"Клеопатра (1,2""х19)";1 600,00;1;1;6;Клеопатра;0,00;1
1753;DF 702012019;"Час потехи (1,2"" х 19)";1 600,00;1;1;6;Час потехи;0,00;1
1754;DF 702012100;Карнавальная ночь (1,2 х 100);11 900,00;1;1;1;Карнавальная ночь;0,00;1
1755;DF 702012036;"Космос (1,2""х 36)";2 400,00;1;1;4;Космос;0,00;1
1756;EC170;"Разгони бабулек (1.2""х 30)";4 390,00;1;1;4;Разгони бабулек;0,00;1
1757;EC201;"""РуСалют"" (1""х49)";3 150,00;1;1;4;РуСалют;0,00;1
1758;EC215;"""Нью - Йорк""(1"" х 100)";6 300,00;1;1;2;Нью - Йорк;0,00;1
1759;EC230;"Заводной апельсин (1,2"" х 48)";3 600,00;1;1;2;Заводной апельс.;0,00;1
1760;EC232;"Светофор (1,2"" х 49)";4 000,00;1;1;4;Светофор;0,00;1
1761;EC234;"Эйфория (1,2"" х 73)";7 500,00;1;1;2;Эйфория;0,00;1
1762;EC236;"Рождественский сюрприз  (1,2"" х90)";8 900,00;1;1;4;Рождеств. сюрприз;0,00;1
1763;EC240;"Сюрпиз для тещи (1,2"" х 68 )";6 900,00;1;1;4;Сюрпиз для тещи;0,00;1
1764;EC331;"Жизнь удалась (1,2"" х 111)";14 590,00;1;1;1;Жизнь удалась;0,00;1
1765;РК8029;"""БЕССОННИЦА"" (1""x100)";6 337,00;1;1;1;Бессоница;0,00;1
1766;РК8030;"""НЕУДЕРЖИМЫЙ"" (1""x100)";5 244,00;1;1;1;Неудержимый;0,00;1
1767;РК8102;"""Звездные войны"" (1,2""x25)";1 520,00;1;1;8;Звездные войны;0,00;1
1768;РК8103;"""Призрачный лес"" (1,2""x25)";1 520,00;1;1;8;Призрачный лес;0,00;1
1769;РК8104;"""Казино"" (1,2""x25)";1 520,00;1;1;8;Казино;0,00;1
1770;РК8105;"Земля в иллюминаторе""(1,2""x25)";1 520,00;1;1;8;Земля в иллюм.;0,00;1
1771;РК8201;"""ПАЗЗЛ"" (1,2""x25)";1 990,00;1;1;4;Паззл;0,00;1
1772;РК8301;"""Драгон""(1,2""x36)";2 880,00;1;1;4;Драгон;0,00;1
1773;РК8302;"""КОТ/ОРЕЛ"" (1,2""x36)";2 880,00;1;1;4;Кот/орёл;0,00;1
1774;РК8303;"""КРАСОЧНЫЙ"" (1,2""x36)";2 880,00;1;1;4;Красочный;0,00;1
1775;РК8305;"""Русская мощь""(1""-1,2""x38)";2 880,00;1;1;4;Русская мощь;0,00;1
1776;РК8401;"""Вулкан""(1,2""x49)";3 920,00;1;1;4;Вулкан;0,00;1
1777;РК8402;"""Шаман"" (1,25""x49)";3 920,00;1;1;4;Шаман;0,00;1
1778;РК8407;"""НЕБО В АЛМАЗАХ""(1,2""x49)";3 920,00;1;1;4;Небо в алмазах;0,00;1
1779;РК8408;"""ДУБЛЬ""(1,2""x49)";3 920,00;1;1;2;Дубль;0,00;1
1780;PRO105-2;"Валькирия (1,2""x120)";9 860,00;1;1;1;Валькирия;0,00;1
1781;PRO107-1;"Иллюзия (0.8""-1.0""-1,2""-1,5"" x 200)";13 900,00;1;1;1;Иллюзия;0,00;1
1782;PRO108;"""ИЛЛЮЗИЯ"" (0,8+1+1,2+1,5 x200)";18 600,00;1;1;1;Иллюзия;0,00;1
1783;2170;"Световое фейерверк-шоу ""Волшебный фонарь""";1 232,39;1;1;4;Волшеб. фонарь;1 950,00;1
1784;ЕC238;"Отдыхаем Хорошо (1,2"" х 100)";8 900,00;1;1;4;Отдыхаем Хорошо;0,00;1
1785;Р7362;"Новый год шагает (0,8""х150)";6 030,00;1;1;1;Новый год шагает;0,00;1
1786;Р7380;"Самый лучший день! (0,8"" х 178) ВЕЕРНЫЙ";7 800,00;1;1;1;Лучший день!;0,00;1
1787;РК048;"Зимушка - Зима (1,0"" х 49)";2 130,00;1;1;1;Зимушка - Зима;0,00;1
1788;РК050;"Гуляй, Страна (1,0"" х 49)";2 130,00;1;1;1;Гуляй, Страна;0,00;1
1789;СВ230;"Цепная реакция (1,2""х48)";2 600,00;1;1;1;Цепная реакция;0,00;1
1790;Р7525;Сказка на ночь (1,0х48);3 580,00;1;1;4;Сказка на ночь;0,00;1
1791;Р7534;"Великолепный век (1,0"" х 81)";5 625,00;1;1;1;Великолепный век;0,00;1
1792;Р7536;Корпоративка (1,0х 88);6 440,00;1;1;1;Корпоративка;0,00;1
1793;Р7533;Экспедиция (1,0х100);5 600,00;1;1;1;Экспедиция;0,00;1
1794;Р7541;"Продолжение будет (1,0"" х 120)";7 160,00;1;1;1;Продолжен. будет;0,00;1
1795;Р7512;"Оранжевое небо (1,0"" х 136)";11 185,00;1;1;1;Оранжевое небо;0,00;1
1796;Р7543;"Гвардейский салют (1,0""х 138)";8 520,00;1;1;1;Гвардейский салют;0,00;1
1797;Р7846;"Чистое золото (1,25"" х 36)";2 370,00;1;1;4;Чистое золото;0,00;1
1798;Р7921;"КГБ (1,25"" х 49)";3 680,00;1;1;4;КГБ;0,00;1
1799;Р7957;"Блестящий век (1,25""х61)";4 160,00;1;1;2;Блестящий век;0,00;1
1800;Р7961;"Новогоднее настроение (1,25"" х 70)";6 160,00;1;1;2;Новогод. настроение;0,00;1
1801;Р7990;"Парк Развлечений (1,25"" 88)";5 999,00;1;1;2;Парк Развлечений;0,00;1
1802;Р8030;"Премьера (1,25"" х 96)";8 530,00;1;1;1;Премьера;0,00;1
1803;Р8460;"Папа может(1,25"" х 99)";6 285,00;1;1;1;Папа может;0,00;1
1804;Р8478;"Яркое зрелище (1,25""х 100)";9 990,00;1;1;1;Яркое зрелище;0,00;1
1805;Р8490;"Высший класс (1,25"" х105)";10 990,00;1;1;1;Высший класс;0,00;1
1806;Р8595;"Бородино (1,25"" х 150)";15 440,00;1;1;1;Бородино;0,00;1
1807;Р8630;"Разгуляй (1,5"" х 49)";8 160,00;1;1;2;Разгуляй;0,00;1
1808;Р8637;"Гаубица (1,5"" х 60)";9 300,00;1;1;1;Гаубица;0,00;1
1809;Р8650;"Светопреставление (1,6"" х 200)";35 200,00;1;1;1;Светопреставление;0,00;1
1810;Р8715;"Русский Новый Год (1,8"" х 28)";6 140,00;1;1;2;Русский Новый Год;0,00;1
1811;Р8764;"Кузькина Мать (2,0"" х 28)";8 900,00;1;1;2;Кузькина Мать;0,00;1
1812;Р8770;"Высокий статус (2,0"" х 36)";10 150,00;1;1;2;Высокий статус;0,00;1
1813;Р8641;"Громовержец (2,0"" х 51)";15 550,00;1;1;1;Громовержец;0,00;1
1814;Р8790;"Московская ночь (3,0"" х 12)";6 100,00;1;1;1;Московская ночь;0,00;1
1815;Р8160;ЖАРКАЯ IBIZA (0,8”- 1,25” х 50);3 950,00;1;1;2;Жаркая Ibiza;0,00;1
1816;Р8275;"«НОВОГОДНЯЯ ЯРМАРКА» (1,25""- 1,4""x 110)";13 500,00;1;1;1;Новогод. ярмарка;0,00;1
1817;Р8288;"Нашествие (0,8""- 1,25"" x 132)";12 200,00;1;1;1;Нашествие;0,00;1
1818;Р8301;"«КАРНАВАЛЬНАЯ НОЧЬ» (1.25""-1.8"" х 114)";19 230,00;1;1;1;Карнавальная ночь;0,00;1
1819;Р8320;"Эксклюзив (0,8""-1,0""- 1,25""-1,5"" x 146)";17 700,00;1;1;1;Эксклюзив;0,00;1
1820;Р8323;«ОТ ЗАКАТА ДО РАССВЕТА» (0,8”,-1,25”,-2” х 158);19 980,00;1;1;1;От заката до рассв.;0,00;1
1821;Р8370;ЭЛИТНЫЙ (0,8”- 1,25” х 198);23 000,00;1;1;1;Элитный;0,00;1
1822;Р8380;"«ЗОЛОТОЙ РЕЗЕРВ» (0,6""-1""- 1,25"" х 272)";21 020,00;1;1;1;Золотой резерв;0,00;1
1823;D1101;Петарды Корсар-1;480,00;60;12;20;Корсар-1;0,00;12
1824;D1303;Петарды  Царский Корсар 3 (двойной хлопок);480,00;20;10;25;Царский Корсар 3;0,00;10
1825;D1505;Петарды  Царский Корсар 5;1 152,00;6;24;12;Царский Корсар 5;0,00;24
1826;D1801;Петарды Царский Корсар 6;140,00;6;1;50;Царский Корсар 6;0,00;1
1827;D3012;Бабочка средняя;210,00;12;1;60;Бабочка средняя;0,00;12
1828;D5080;"Римская свеча 30 (0.3"" х 30)";360,00;12;1;36;Римская свеча 30;0,00;12
1829;D7010;"Семицветик (0,8"" х 7)";280,00;1;1;36;Семицветик;0,00;1
1830;D7012;"Миньоны (0,8"" х 9)";450,00;1;1;48;Миньоны;0,00;1
1831;D7042;"Путеводная звезда  (0,8""х12)   1/36/1";550,00;1;1;1;Путеводная звезда;0,00;1
1833;D7162;"Садко  (0,8""х16)   1/18/1";710,00;1;1;18;Садко;0,00;1
1834;D7164;"Полнолуние   (0,8""х16)";695,00;1;1;24;Полнолуние;0,00;1
1835;D7280;"Праздничная фантазия   (1""х16)";1 150,00;1;1;12;Праздн. фантазия;0,00;1
1836;D7282;"Матрешка   (1""х16)";1 150,00;1;1;16;Матрешка ;0,00;1
1837;D7368;"Чёртова дюжина  (1,2""х13 с фонтаном)";1 295,00;1;1;8;Чёртова дюжина;0,00;1
1838;D7398;"Савух  (0,8""х19)";795,00;1;1;16;Савух;0,00;1
1839;D7402;"Новогодний салют   (1""х19)";1 300,00;1;1;12;Новогодний салют;0,00;1
1840;D7550;"Веселый салют   (1""х25)";1 630,00;1;1;8;Веселый салют;0,00;1
1841;D7968;"Аватар     (0,8""х49)";2 200,00;1;1;8;Аватар ;0,00;1
1842;D7972;"Дары Афродиты     (1""х49)";3 250,00;1;1;4;Дары Афродиты;0,00;1
1843;D8340;"С Новым годом   (1""х72)";4 985,00;1;1;2;С Новым годом;0,00;1
1844;D8546;"Волшебный   (0,8""х100)";4 500,00;1;1;4;Волшебный;0,00;1
1845;D7082;"Госпожа метелица (1"" х12)";835,00;1;1;20;Госпожа метелица;0,00;1
1846;P7012;"Золотой фазан (0,6""х 25)";896,00;1;1;12;Золотой фазан;0,00;1
1847;Р4320;Шахерезада;430,00;1;1;24;Шахерезада;0,00;1
1848;Р4512;Золотой скарабей;846,00;1;1;12;Золотой скарабей;0,00;1
1849;P4775;С Днем рождения!;1 984,00;1;1;4;С Днем рождения!;0,00;1
1850;Р5300;Вьюга (0,5'' х 6);332,00;4;1;36;Вьюга;0,00;4
1851;Р5310;"Сакура (0,5""х10)";272,00;4;1;36;Сакура;0,00;4
1852;Р5320;"Егоза (0,4""х10)";252,00;4;1;36;Егоза;0,00;4
1853;Р5543;"Щелкунчик (0,8""х 8)";398,00;2;1;24;Щелкунчик;0,00;2
1854;Р7042;"Бармалей (0,8""х8)";311,00;1;1;24;Бармалей;0,00;1
1855;Р7319;"Снежный бал (0,8""х30)";1 030,00;1;1;12;Снежный бал;0,00;1
1856;Р7485;Золотые бубенцы (1,0х20);1 192,00;1;1;12;Золотые бубенцы;0,00;1
1857;Р7492;"Снегурочка (1,0""х25)";1 130,00;1;1;12;Снегурочка;0,00;1
1858;Р7514;"Король вечеринок  (1,0""х 49)";2 130,00;1;1;4;Король вечеринок;0,00;1
1859;Р7904;"Салют Столичный (1,25""х 48)";2 890,00;1;1;4;Салют Столичный;0,00;1
1860;PC782;Волшебная ночь (1,0х100);6 200,00;1;1;2;Волшебная ночь;0,00;1
1861;PC844;"Китеж-град (1,2""х48)";4 150,00;1;1;4;Китеж-град;0,00;1
1862;PC846;"Фортуна (1,2""х60)";6 890,00;1;1;2;Фортуна;0,00;1
1863;PC861;"Салют Фаберже (1,2""х88)";8 670,00;1;1;1;Салют Фаберже;0,00;1
1864;ЕС501;«ЗА НОВЫЙ ГОД!» (1”х 48);2 590,00;1;1;4;За Новый Год!;0,00;1
1865;РК053;Новогодний салют (1,0 х 100);5 600,00;1;1;2;Новогодний салют;0,00;1
1866;РК073;"Зимнее царство (1,0"" х 36)";1 999,00;1;1;4;Зимнее царство;0,00;1
1867;СВ222;"Зуб даю (1,2"" х 25)";1 100,00;1;1;4;Зуб даю;0,00;1
1868;СВ240;"Большой куш (1,8"" х 28)";6 140,00;1;1;2;Большой куш;0,00;1
1869;РК080;"Новогодняя ярмарка (1,0"" х 49)";2 130,00;1;1;4;Новогод. ярмарка;0,00;1
1870;Р8261;"Шик и блеск (0,8"", 1,25"" х 66)";5 680,00;1;1;2;Шик и блеск;0,00;1
1871;СВ231;"На абордаж (1,2"" х 99)";7 500,00;1;1;2;На абордаж;0,00;1
1872;С204;"Фейерверк-49 (1,0"" х 49)";2 800,00;1;1;4;Фейерверк-49;0,00;1
1884;D0440;Свеча бенгальская 400 мм, набор 4 шт;130,00;1;1;1;Свеча бенг. 400 мм;0,00;1
1885;D0440;Свеча бенгальская 400 мм, набор 4 шт;130,00;1;1;1;Свеча бенг. 400 мм;0,00;1
1887;PD7048;"Стронций (0,8""х16)";617,00;1;1;24;Стронций;0,00;1
1888;PD7061;"Краски в небо (0,8"" х 25)";944,00;1;1;16;Краски в небо;0,00;1
1889;PD7049;"Поэма (0,6"" х 32)";849,00;1;1;18;Поэма;0,00;1
1890;PD7051;"КрезиБоб (0,8"" х 16)";589,00;1;1;24;КрезиБоб;0,00;1
1891;PD7062;"Салютница (0,8"" х 25)";944,00;1;1;16;Салютница;0,00;1
1892;PD7067;"Добрый Ээх (1"" х 16)";975,00;1;1;16;Добрый Ээх;0,00;1
1893;PD7068;"Кругосветка (1"" х 19)";999,00;1;1;16;Кругосветка;0,00;1
1894;РС914;"Для уважаемых людей (202 : 1,0""  1,2"")";27 858,00;1;1;1;Для уваж. людей;0,00;1
1895;ЕС187;"Кот в мешке (1,2"" х 36)";3 300,00;1;1;4;Кот в мешке;0,00;1
1896;ЕС200;"Сидней (1"" х 49)";3 300,00;1;1;4;Сидней;0,00;1
1897;ЕС204;"Профессионал (1,2"" х 49)";5 100,00;1;1;4;Профессионал;0,00;1
1898;А7031;"Посиделки у елки (1""х18)";1 250,00;1;1;8;Посиделки у елки;0,00;1
1899;ЕС206;"С Новым годом! (1,2"" х 49)";5 500,00;1;1;4;С Новым Годом!;0,00;1
1901;ЕС208;"Контрабанда (1,2""х64)";4 850,00;1;1;4;Контрабанда;0,00;1
1902;А7034;"Яркое зрелище (1""х19)";1 250,00;1;1;6;Яркое зрелище;0,00;1
1903;ЕС231;"Moskow never sleeps (1,2"" х 49)";6 900,00;1;1;4;Moskow never sleep;0,00;1
1904;ЕС233;"Эйфелева башня (1,2"" х 72)";8 390,00;1;1;4;Эйфелева башня;0,00;1
1905;А7037;"Пять звезд (0,8""х99)";5 400,00;1;1;16;Пять звезд;0,00;1
1907;ЕС237;"Вечеринка удалась (0,8"" х 92)";9 390,00;1;1;4;Вечеринка удалась;0,00;1
1908;ЕС283;"Монте-Карло (1,2"" х 150)";22 490,00;1;1;2;Монте-Карло;0,00;1
1909;А7100;Рождественские сказки (1,25х10);1 000,00;1;1;8;Рождест. сказки;0,00;1
1910;А7305;"Праздник (1,25""х25)";2 750,00;1;1;4;Праздник;0,00;1
1911;ЕС305;"РуСалют (1,2"" х 150)";16 500,00;1;1;2;РуСалют;0,00;1
1912;ЕС330;"1000 и 1 ночь (1,2""х 120)";17 990,00;1;1;2;1000 и 1 ночь;0,00;1
1913;А7306;Созвездие Скорпион;2 750,00;1;1;4;Созвездие Скорпион;0,00;1
1914;ЕС384;"Спецзаказ  290 (1,2"" х 290)";33 590,00;1;1;2;Спецзаказ  290;0,00;1
1915;ЕС385;"Срецзаказ 256 (1,2"" х 256)";37 990,00;1;1;2;Срецзаказ 256;0,00;1
1916;РС656;"США Салют Шизанутых Андроидов (0,8"" х 108)";5 271,00;1;1;2;США;0,00;1
1917;А7426;"Лебединое озеро (1,25""х46)";5 700,00;1;1;4;Лебединое озеро;0,00;1
1918;А7503;"Подарок (1,25""х49)";5 600,00;1;1;2;Подарок;0,00;1
1919;А7527;"Старый Новый год (1""х100)";8 100,00;1;1;2;Старый Новый год;0,00;1
1920;А7601;"Легенда (1,25""х100)";11 600,00;1;1;1;Легенда;0,00;1
1921;А7620;"Сочи (1,25""х150)";17 600,00;1;1;1;Сочи;0,00;1
1922;А7645;"Созвездие Пегас (1,25""х150)";20 000,00;1;1;1;Созвездие Пегас;0,00;1
1923;А7707;"Китайская стена (1""-2""х84)";15 000,00;1;1;1;Китайская стена;0,00;1
1924;А7390;"Белые ночи (1""х36)";2 150,00;1;1;4;Белые ночи;0,00;1
1925;А7450;"Карусель (1""х49)";3 500,00;1;1;4;Карусель;0,00;1
1926;Р4515;Люблю;843,00;1;1;16;Люблю;1 600,00;1
1927;Р8312;"Мировой салют (1,25""1,5""1,9""х128)";21 150,00;1;1;1;Мировой салют;0,00;1
1928;РС023;Команда Корсара-3 50/10/10;209,00;10;10;50;Команда Корсара-3;0,00;10
1929;РС241;Кассиопея (набор ракет, четыре разных эффекта);1 097,00;4;1;16;Кассиопея;480,00;4
1930;РС458;Грибная семейка (батарея из трёх фонтанов);744,00;1;1;24;Грибная семейка;1 500,00;1
1931;РС490;Рождественский домик (форс до 7м);904,00;1;1;12;Рождеств. домик;1 800,00;1
1932;РС570;Южный крест (связка римских свечей);1 164,00;1;1;18;Южный крест;1 900,00;1
1933;РС572;Гончие псы (связка римских свечей);1 164,00;1;1;18;Гончие псы;1 900,00;1
1934;РС600;"Адреналин  (0,8""х 7)";305,00;1;1;24;Адреналин;650,00;1
1935;РС602;"Весёлый пиротехник  (0,8""х 9)";374,00;1;1;36;Весёлый пиротех.;800,00;1
1936;РС603;"Мистер Х  (0,8""х 10)";415,00;1;1;36;Мистер Х;850,00;1
1937;РС607;"Не тормози!  (0,8""х 16) МОДУЛЬ";648,00;1;1;24;Не тормози!;1 300,00;1
1938;РС690;"Карамболь (0,6"" х 60)";1 500,00;1;1;12;Карамболь;0,00;1
1939;РС691;"Чувачок (8 х 0.7"")";259,00;1;1;40;Чувачок;600,00;1
1940;РС693;"Пиро-лайт (12 х 0.7"")";309,00;1;1;40;Пиро-лайт;700,00;1
1941;РС730;"3Д:Медный всадник (1,0""х 36)";1 818,00;1;1;6;Медный всадник;2 900,00;1
1942;ТС580;"Киндер-салют (0,7"" х 8)";259,00;1;1;40;Киндер-салют;600,00;1
1943;Р5900;"Сказочная феерия (2,0""х 8)";1 202,00;1;1;8;Сказочная феерия;2 200,00;1
1944;Р7132;"Хит (0,8""х 6) 3 эфф";249,00;1;1;24;Хит;0,00;1
1945;999999;Доставка;500,00;1;1;1;Доставка;0,00;1
1946;ТС862;"Время чудес (1,2""х 49)";3 553,00;1;1;2;Время чудес;0,00;1
1947;SF-399;"ROMAN CANDLE (2"" х 8)";1 206,00;1;1;12;ROMAN CANDLE;0,00;1
1948;0977;"Бенг. свечи ""Zimne ognie"" 16 см.";14,00;10;10;500;Бенг. Свечи 16 см.;0,00;10
1949;GW218-90;Dark worlock   (0,8''x 9);284,00;1;1;36;Dark worlock;0,00;1
1950;MC122;"MAKIN MAGIC (0,8"" х 80)";2 588,00;1;1;4;MAKIN MAGIC;0,00;1
1951;МС135;"FURIOUS (0,8""х 90)";2 972,00;1;1;4;FURIOUS;0,00;1
1952;МС141;MOVING PAINTER (0,8 х 120);4 116,00;1;1;2;MOVING PAINTER;0,00;1
1953;GWM5046;"COLOURFUL FIREWORKS (1"" х 7)";387,00;1;1;30;COLOURFUL FIRE.;0,00;1
1954;GWM5047;"GORGEOUSNESS (1"" х 7)";345,00;1;1;30;GORGEOUSNESS;0,00;1
1955;MC136;"SHATER (1"" х 60)";2 861,00;1;1;4;SHATER;0,00;1
1956;BS13-002;"GOLDEN COLLECTION (1,2"" х 13)";886,00;1;1;10;GOLDEN COLL.;0,00;1
1957;GWM5032;"DEEP RED (1,2""х19)";1 241,00;1;1;8;DEEP RED;0,00;1
1958;GWM5034;"SPLENDID RIVER(1,2"" х 19)";1 338,00;1;1;8;SPLENDID RIVER;0,00;1
1959;MC118;"EASTER (0,8""-1"" х 55)";2 548,00;1;1;4;EASTER;0,00;1
1960;MC150-25B;"EXCLUSIVE NIGHT(1,5"" х 25)";3 346,00;1;1;4;EXCLUSIVE NIGHT;0,00;1
1961;MC175-19;"SHADOW LADY (1,75"" х 19)";3 020,00;1;1;4;SHADOW LADY;0,00;1
1962;GWL-0012B;Roman candle (1,2'' x 8);471,00;1;1;24;Roman candle;0,00;1
1963;GWL-0012C;Roman candle (1,2'' x 8);471,00;1;1;24;Roman candle;0,00;1
1964;ТР165;Свеча бенгальская 160;15,60;6;1;200;Свеча бенг. 160;0,00;1
1965;TXB211;"Овен (0,8"" х 16)";528,52;1;1;24;Овен;0,00;1
1966;РС599;"ПироСелфи (0,8"" х 10)";360,00;1;1;24;ПироСелфи;0,00;1
1967;РС668;Ассорти-салют МОДУЛЬ;8 240,00;1;1;1;Ассорти-салют;0,00;1
1968;РС701;"Каламбур (1,0"" х 8)";427,00;1;1;12;Каламбур;1 300,00;1
1969;РС817;"Улыбка радуги (1,2"" х 25) МОДУЛЬ";2 300,00;1;1;4;Улыбка радуги;4 400,00;1
1970;РС826;"Россия, вперёд !  (1,2""х 36) МОДУЛЬ";3 194,00;1;1;4;Россия, вперёд!;5 100,00;1
1971;РС679;"Ванька-Встанька (1,5""х 6 шаров с разн. эффектами)";312,00;1;1;15;Ванька-Встанька;0,00;1
1972;ТС651;"Зимняя ночь (0,8""х 36)";1 186,00;1;1;12;Зимняя ночь;2 400,00;1
1973;Е-С340;"Салют игристый (0,8""х91)";3 104,00;1;1;4;Салют игристый;6 000,00;1
1974;Е-С476;Гуляем! (1''x36);2 160,00;1;1;4;Гуляем!;0,00;1
1975;Е-С710;Новогодний (1,25''x49) МОНОБЛОК;3 280,00;1;1;3;Новогодний;0,00;1
1976;Е-С728;Пятница (1,25''x61) МОНОБЛОК;4 099,00;1;1;2;Пятница;0,00;1
1977;Р1710;Лимонка дымовая с чекой (ассорти);692,00;4;1;36;Лимонка дымовая;0,00;4
1978;Р1810;Факел цветопламенный красный;219,00;1;1;50;Факел цв. красный;0,00;1
1979;Р1811;Факел цветопламенный синий;219,00;1;1;50;Факел цв. синий;0,00;1
1980;Р1812;Факел цветопламенный зелёный;219,00;1;1;50;Факел цв. зелёный;0,00;1
1981;Р5080;Римская свеча-30 (0,3'' х 30);385,00;12;1;36;Римская свеча-30;80,00;12
1982;Р6750;Самоцветы (фонтан + бурачный салют);496,00;1;1;24;Самоцветы;1 000,00;1
1983;Р7012;"Золотой фазан (0,6""х 25)";896,00;1;1;16;Золотой фазан;0,00;1
1984;Р7020;"Малибу (0,7""х 20) 5 эфф";550,00;1;1;24;Малибу;0,00;1
1985;Р7230;"Ва-банк! (0,8""х 19)";760,00;1;1;12;Ва-банк!;0,00;1
1986;Р7314;"Сомбреро (0,8""х 26)";1 044,00;1;1;12;Сомбреро;0,00;1
1987;Р7318;"Салют-компания (0,8""х28)";1 048,00;1;1;8;Салют-компания;2 000,00;1
1988;Р7364;"Отдыхаем хорошо! (0,8""х 150) АКЦИЯ";5 536,00;1;1;2;Отдыхаем хорошо!;0,00;1
1989;Р7452;"Праздник к нам приходит (0,8""х 64)";2 280,00;1;1;6;Праздник приходит;1 870,00;1
1990;Р7524;"Русская тройка (1,0"" х 49)";3 440,00;1;1;4;Русская тройка;6 500,00;1
1991;Р7526;"Шумный праздник (1,0""х 75) 9 эфф, кометные веера)";4 650,00;1;1;2;Шумный праздник;0,00;1
1992;Р7530;"Искандер (1,0""х64) АКЦИЯ";3 576,00;1;1;4;Искандер;0,00;1
1993;Р7555;"Полёт Валькирий (1,25""х 16)";1 599,00;1;1;8;Полёт Валькирий;2 470,00;1
1994;Р7863;"Рождественская сказка (36: 1,0""х 24  1,6""х12)";6 530,00;1;1;3;Рождест. сказка;10 000,00;1
1995;Р7884;"Гуляй, страна! (1,25""х  41) новый эффект";3 785,00;1;1;4;Гуляй, страна!;6 240,00;1
1996;Р7958;"ПВО (1,25""х 50) АКЦИЯ";4 145,00;1;1;3;ПВО;7 500,00;1
1997;Р8170;"Чудеса в небесах (50: 1,25"", 1,8"") НОВЫЙ ЭФФЕКТ";5 999,00;1;1;2;Чудеса в небесах;0,00;1
1998;БСК0236910-12;"ПАЛЬМИРА (1""-1,2"" x 369)";26 700,00;1;1;1;Пальмира;0,00;1
1999;БСК0236910-12;"ПАЛЬМИРА (1""-1,2"" x 369)";26 700,00;1;1;1;Пальмира;0,00;1
2000;БСК0236910-12;"ПАЛЬМИРА (1-1,2"" x 369)""";26 700,00;1;1;1;Пальмира;0,00;1
2001;БСК0105410;"ГРЕЗЫ ДРИАДЫ (1"" х 54)";3 600,00;1;1;4;Грёзы Дриады;0,00;1
2002;БСК0105310;"МАЭСТРО (1"" х 53)";3 500,00;1;1;4;Маэстро;0,00;1
2003;БСК1103210;"БЕРКУТ (1"" х 32)";2 200,00;1;1;4;Беркут;0,00;1
2004;БСП0630010;"КОЛИЗЕЙ (1"" х 300)";27 000,00;1;1;1;Колизей;0,00;1
2005;БСК0627012;"КАРЕЛИЯ (1,2"" х 270)";25 500,00;1;1;1;Карелия;0,00;1
2006;А7434;"На счастье (1""х49)";3 500,00;1;1;4;На счастье;0,00;1
2007;А7436;"Мадагаскар (1,25""х36)";3 400,00;1;1;4;Мадагаскар;0,00;1
2008;А7501;"Снежный замок (1,25""х49)";4 950,00;1;1;4;Снежный замок;0,00;1
2009;А7502;"Соколиная охота (1,25""х49)";4 950,00;1;1;4;Соколиная охота;0,00;1
2010;А7511;"Снежная леди (1,25""х49)";5 600,00;1;1;2;Снежная леди;0,00;1
2011;Р7842;"Огненный рубеж (1,25""х 36) с эффектом W веера";3 320,00;1;1;4;Огненный рубеж;0,00;1
2012;Р8585;"Огненная панорама (1,25""х 150)";13 680,00;1;1;1;Огнен. панорама;0,00;1
2013;Р8631;"Сияние севера (1,5""х 100)";20 210,00;1;1;1;Сияние севера;0,00;1
2014;Р8276;"Мой генерал (0,8"", 1,25"" х 86) с веерными эффектами";6 500,00;1;1;2;Мой генерал;0,00;1
2015;Р8360;"Городской салют (0,8"", 1,0"" х 186) с веерными эффектами";10 250,00;1;1;1;Городской салют;0,00;1
2016;БСП1704910;"АССОЛЬ (1"" х 49)";3 600,00;1;1;4;Ассоль;0,00;1
2017;БСП0502512;"КАКАДУ (1,2"" х 25)";1 800,00;1;1;4;Какаду;0,00;1
2018;EC219;"Русалют (1,5"" х 49)";6 200,00;1;1;2;Русалют;0,00;1
2019;EC220;"Контрабанда (1,5"" х 49)";5 545,00;1;1;2;Контрабанда;0,00;1
2020;EC221;"Блестящий (0,8"", 1,0"" х 76)";4 500,00;1;1;2;Блестящий;0,00;1
2021;ЕС223;"Мармелад (1,0"" х 56)";3 600,00;1;1;2;Мармелад;0,00;1
2022;ЕС226;"Бахчисарай (0,8-1,0-1,2"" х 107)";7 000,00;1;1;2;Бахчисарай;0,00;1
;;;;;;;;;
