Product ID|Active (0/1)|Name *|Categories (x,y,z...)|Price|Налог ID|Оптовая цена|Распродажа (0/1)|Величина скидки|Процент скидки|Скидка с (yyyy-mm-dd)|Скидка по (yyyy-mm-dd)|Артикул|Артикул поставщика|Поставщик|Производитель|R1|R2|R3|Штрих EAN13|Штрих EAN13|Штрих EAN13|Штрих UPC|Экол. налог|Ширина|Высота|Глубина|Вес|Кол-во|Мин. кол-во|Видимость|Доп расходы доставка|Ед. изм|Ед. изм Пост|К-нт передачи|Текст фасовки|Ед. изм 2|Цена|Короткое описание|Описание|Метки (x,y,z...)|Meta title|Meta keywords|Meta description|URL rewritten|Текст в наличии|Текст на заказ|Доступен (0/1)|Дата доступен|Дата создания|Отображать цену (0/1)|URL фото (x,y,z...)|Удалить фото (0/1)|Характеристика (Name:Value:Position)|Доступен только онлайн (0/1)|Состояние|Настраиваемый (0 = No, 1 = Yes)|Загружаемые файлы (0 = No, 1 = Yes)|Текстовые поля (0 = No, 1 = Yes)|Действия когда нет в наличии|ID магазина|Расширенное управление (0 = No, 1 = Yes)|Количество (0 = Страница, 1 = Склад)|Склад ID
1|1|Корсар 1|3^40|10.00|0|10.00||||||ПТ201060|ПТ201060|1|8|60|10|24||||||20.000000|6.000000|8.000000|0.125000||1|||1|2|60|за 1 уп.из 60 шт.|уп.|5000|хлопок петарды очень громкий и внушительный!|хлопок петарды очень громкий и внушительный!<br><BR><iframe width="560" height="315" src="https://www.youtube.com/embed/tx9X90h-D5w?rel=0" frameborder="0" allowfullscreen></iframe>||||||||1|||1|http://presta6.newogonek.ru/images/pt201060.jpg|1|Фасовка:бл.:1||new||||2|1^4^5^6|1|1|
2|1|Мега Корсар|3^39|20.00|0|20.00||||||Р1084|Р1084|1|1|3|1|100||||||20.000000|3.300000|3.300000|0.250000||1|||0|1|3|за 1 шт.|уп.|5000|мощнейший взрыв, от которого закладывает уши!|мощнейший взрыв, от которого закладывает уши!<br><BR><iframe width="560" height="315" src="https://www.youtube.com/embed/gQFXRgGgNVA?rel=0" frameborder="0" allowfullscreen></iframe>||||||||1|||1|http://presta6.newogonek.ru/images/р1084.jpg|1|Фасовка:уп.:1||new||||2|1^4^5^6|1|1|
3|1|Больш. Билли-Бумс|3^33|30.00|0|30.00||||||Р1320|Р1320|1|1|20|10|25||||||30.000000|5.000000|7.500000|0.680000||1|||1|2|20|за 1 уп.из 20 шт.|уп.|5000|перед тем, как взорваться, петарда крутится на месте, как сумасшедшая, выбрасывая искры, и лишь затем разлетается на кусочки с громким хлопком.|перед тем, как взорваться, петарда крутится на месте, как сумасшедшая, выбрасывая искры, и лишь затем разлетается на кусочки с громким хлопком.<br><BR><iframe width="560" height="315" src="https://www.youtube.com/embed/0Ls23niVl7w?rel=0" frameborder="0" allowfullscreen></iframe>||||||||1|||1|http://presta6.newogonek.ru/images/р1320.jpg|1|Фасовка:бл.:1||new||||2|1^4^5^6|1|1|
4|1|Джамбо|3^39^33|40.00|0|40.00||||||РС110|РС110|1|3|3|1|48||||||16.500000|4.500000|9.000000|0.270833||1|||1|1|1|за 1 уп.из 3 шт.|уп.|5000|Имитация пулеметной очереди|Имитация пулеметной очереди<br><BR><iframe width="560" height="315" src="https://www.youtube.com/embed/u2bOEfocvJA?rel=0" frameborder="0" allowfullscreen></iframe>||||||||1|||1|http://presta6.newogonek.ru/images/рс110.jpg|1|Фасовка:уп.:1||new||||2|1^4^5^6|1|1|
5|1|Талисман|3^39|50.00|0|50.00||||||РС135|РС135|1|3|50|1|80||||||13.500000|13.500000|13.500000|0.050000||1|||0|1|50|за 1 шт.|уп.|5000|хлопок|хлопок<br><BR><iframe width="560" height="315" src="https://www.youtube.com/embed/e17MVJicRHg?rel=0" frameborder="0" allowfullscreen></iframe>||||||||1|||1|http://presta6.newogonek.ru/images/рс135.jpg|1|Фасовка:уп.:1||new||||2|1^4^5^6|1|1|
6|1|Граната противоп|3^39|60.00|0|60.00||||||РС138|РС138|1|3|6|1|50||||||21.500000|7.300000|14.000000|0.360000||1|||0|1|6|за 1 шт.|уп.|5000|Оглушительный хлопок|Оглушительный хлопок<br><BR><iframe width="560" height="315" src="https://www.youtube.com/embed/y7ca74ACjlc?rel=0" frameborder="0" allowfullscreen></iframe>||||||||1|||1|http://presta6.newogonek.ru/images/рс138.jpg|1|Фасовка:уп.:1||new||||2|1^4^5^6|1|1|
7|1|Ястреб|4|70.00|0|70.00||||||Р2440|Р2440|1|0|4|1|60||||||72.000000|2.100000|17.000000|0.283333||1|||0|1|4|за 1 шт.|уп.|5000|1. Разрыв серебряными хвостами с трещащими и мерцающими звездами.<BR><BR>2. Разрыв красно-зелеными звездами|1. Разрыв серебряными хвостами с трещащими и мерцающими звездами.<BR><BR>2. Разрыв красно-зелеными звездами<br><BR><iframe width="560" height="315" src="https://www.youtube.com/embed/xYB_YagI0d0?rel=0" frameborder="0" allowfullscreen></iframe>||||||||1|||1|http://presta6.newogonek.ru/images/р2440.jpg^http://presta6.newogonek.ru/images/р2440-1.jpg^http://presta6.newogonek.ru/images/р2440-2.jpg|1|Фасовка:уп.:1||new||||2|1^4^5^6|1|1|
8|1|Ариэль набор|4^38|80.00|0|80.00||||||РС220|РС220|1|3|6|1|72||||||40.000000|11.000000|11.000000|0.111111||1|||1|1|1|за 1 уп.из 6 шт.|уп.|5000|6 эффектов. В каждой ракете свой эффект.<BR>1. золотые падающие огоньки.<BR>2. красные падающие огоньки и 2 вспышки.<BR>3. серебряные мерцающие огни.<BR>4. букет из красных огней.<BR>5. букет из желтых огней.<BR>6. букет из зеленых огней.|6 эффектов. В каждой ракете свой эффект.<BR>1. золотые падающие огоньки.<BR>2. красные падающие огоньки и 2 вспышки.<BR>3. серебряные мерцающие огни.<BR>4. букет из красных огней.<BR>5. букет из желтых огней.<BR>6. букет из зеленых огней.<br><BR><iframe width="560" height="315" src="https://www.youtube.com/embed/rNCTslkA6Co?rel=0" frameborder="0" allowfullscreen></iframe>||||||||1|||1|http://presta6.newogonek.ru/images/рс220.jpg|1|Фасовка:уп.:1^Калибр:0.6:3||new||||2|1^4^5^6|1|1|
9|1|Феникс набор|4^38|90.00|0|90.00||||||РС230|РС230|1|3|6|1|24||||||69.100000|4.500000|17.000000|0.500000||1|||0|1|6|за 1 шт.|уп.|5000|6 ракет: красные или фиолетовые звезды с треском и искристыми форсами; серебристая мерцающая сфера; множество эффектных золотых комет; двухцветные зелено-сиреневые пионы; золотые цветы с белым мерцанием|6 ракет: красные или фиолетовые звезды с треском и искристыми форсами; серебристая мерцающая сфера; множество эффектных золотых комет; двухцветные зелено-сиреневые пионы; золотые цветы с белым мерцанием<br><BR><iframe width="560" height="315" src="https://www.youtube.com/embed/_PPPVbQYaVU?rel=0" frameborder="0" allowfullscreen></iframe>||||||||1|||1|http://presta6.newogonek.ru/images/рс230.jpg^http://presta6.newogonek.ru/images/рс230-1.jpg^http://presta6.newogonek.ru/images/рс230-2.jpg|1|Фасовка:уп.:1^Калибр:1.1:3||new||||2|1^4^5^6|1|1|
10|1|К звёздам!|4^38|100.00|0|100.00||||||РС261|РС261|1|3|5|1|24||||||82.500000|5.000000|22.000000|0.541667||1|||0|1|5|за 1 шт.|уп.|5000|Набор ракет <BR>2 ракеты, калибр 1,3”;<BR>2 ракеты, калибр 1,5”;<BR>1 ракета, калибр 1,7”.<BR>3 эффекта.<BR>1. сфера из серебряных форсов.<BR>2. сфера из золотых форсов с золотыми искрами.<BR>3. сфера из золотых форсов с серебряными искрами.|Набор ракет <BR>2 ракеты, калибр 1,3”;<BR>2 ракеты, калибр 1,5”;<BR>1 ракета, калибр 1,7”.<BR>3 эффекта.<BR>1. сфера из серебряных форсов.<BR>2. сфера из золотых форсов с золотыми искрами.<BR>3. сфера из золотых форсов с серебряными искрами.<br><BR><iframe width="560" height="315" src="https://www.youtube.com/embed/d2wq2zofPqM?rel=0" frameborder="0" allowfullscreen></iframe>||||||||1|||1|http://presta6.newogonek.ru/images/рс261.jpg|1|Фасовка:уп.:1^Калибр:1.3-1.3-1.7:3||new||||2|1^4^5^6|1|1|
11|1|Огненные пчёлы|5^36|110.00|0|110.00||||||Р3010|Р3010|1|1|12|10|30||||||4.500000|2.800000|2.800000|0.266667||1|||0|2|120|за 1 шт.|уп.|5000|Взлетает, жужжит, разбрасывает искры, вспыхивает зеленым огоньком|Взлетает, жужжит, разбрасывает искры, вспыхивает зеленым огоньком<br><BR><iframe width="560" height="315" src="https://www.youtube.com/embed/wIvq8rgRYOk?rel=0" frameborder="0" allowfullscreen></iframe>||||||||1|||1|http://presta6.newogonek.ru/images/р3010.jpg^http://presta6.newogonek.ru/images/р3010-1.jpg|1|Фасовка:бл.:1||new||||2|1^4^5^6|1|1|
12|1|Весенняя бабочка|5^36|120.00|0|120.00||||||Р3020|Р3020|1|1|12|10|16||||||6.700000|3.600000|3.600000|0.500000||1|||0|2|120|за 1 шт.|уп.|5000|Взлетает с шумом, разбрасывает искры, вспыхивает яркой золотой звездой.|Взлетает с шумом, разбрасывает искры, вспыхивает яркой золотой звездой.<br><BR><iframe width="560" height="315" src="https://www.youtube.com/embed/ZdxQslAjxWs?rel=0" frameborder="0" allowfullscreen></iframe>||||||||1|||1|http://presta6.newogonek.ru/images/р3020.jpg^http://presta6.newogonek.ru/images/р3020-1.jpg|1|Фасовка:бл.:1||new||||2|1^4^5^6|1|1|
13|1|Веселый жук|5^35|130.00|0|130.00||||||Р3520|Р3520|1|1|6|12|20||||||5.300000|1.600000|1.600000|0.800000||1|||1|2|6|за 1 уп.из 6 шт.|уп.|5000|Вертится, образуя круг красного, зеленого, желтого огня|Вертится, образуя круг красного, зеленого, желтого огня<br><BR><iframe width="560" height="315" src="https://www.youtube.com/embed/x2F0liz4nsg?rel=0" frameborder="0" allowfullscreen></iframe>||||||||1|||1|http://presta6.newogonek.ru/images/р3520.jpg^http://presta6.newogonek.ru/images/р3520-1.jpg^http://presta6.newogonek.ru/images/р3520-2.jpg|1|Фасовка:бл.:1||new||||2|1^4^5^6|1|1|
14|1|Супер жук|5^35|140.00|0|140.00||||||Р3530|Р3530|1|1|6|12|20||||||5.300000|1.600000|1.600000|0.750000||1|||1|2|6|за 1 уп.из 6 шт.|уп.|5000|Вертится, образуя круг красного, зеленого, желтого огня, хлопает|Вертится, образуя круг красного, зеленого, желтого огня, хлопает<br><BR><iframe width="560" height="315" src="https://www.youtube.com/embed/bthR1d1K3kY?rel=0" frameborder="0" allowfullscreen></iframe>||||||||1|||1|http://presta6.newogonek.ru/images/р3530.jpg^http://presta6.newogonek.ru/images/р3530-1.jpg^http://presta6.newogonek.ru/images/р3530-2.jpg|1|Фасовка:бл.:1||new||||2|1^4^5^6|1|1|
15|1|Жучок-светлячок|5^35|150.00|0|150.00||||||РС150|РС150|1|3|9|10|36||||||8.500000|2.300000|6.300000|0.388889||1|||1|2|9|за 1 уп.из 9 шт.|уп.|5000|Крутится с разбрасыванием искр, останавливается и горит пульсирующим огнем|Крутится с разбрасыванием искр, останавливается и горит пульсирующим огнем<br><BR><iframe width="560" height="315" src="https://www.youtube.com/embed/d411LUtydws?rel=0" frameborder="0" allowfullscreen></iframe>||||||||1|||1|http://presta6.newogonek.ru/images/рс150.jpg^http://presta6.newogonek.ru/images/рс150-1.jpg^http://presta6.newogonek.ru/images/рс150-2.jpg^http://presta6.newogonek.ru/images/рс150-3.jpg^http://presta6.newogonek.ru/images/рс150-4.jpg|1|Фасовка:бл.:1||new||||2|1^4^5^6|1|1|
16|1|Звёздный десант|5^36|160.00|0|160.00||||||РС160|РС160|1|3|1|1|12||||||36.000000|15.000000|15.000000|0.666667||1|||0|0|1|за 1 шт.|уп.|5000|Мощная форсовая трасса со свистом и  выбросом букетика из разноцветных  или трещащих огней.|Мощная форсовая трасса со свистом и  выбросом букетика из разноцветных  или трещащих огней.<br><BR><iframe width="560" height="315" src="https://www.youtube.com/embed/S8kZChg84IM?rel=0" frameborder="0" allowfullscreen></iframe>||||||||1|||1|http://presta6.newogonek.ru/images/рс160.jpg^http://presta6.newogonek.ru/images/рс160-1.jpg^http://presta6.newogonek.ru/images/рс160-2.jpg|1|Фасовка:компл:1||new||||2|1^4^5^6|1|1|
17|1|Гюльчатай|6|170.00|0|170.00||||||Р4222|Р4222|1|1|4|1|36||||||15.400000|5.000000|5.000000|0.458333||1|||0|1|4|за 1 шт.|уп.|5000|пылает ослепительным потоком золотых искр и зеленых огней, с переходом в поток белоснежных искр, а под конец - поток белых трещащих разлетающихся искр и красных огней|пылает ослепительным потоком золотых искр и зеленых огней, с переходом в поток белоснежных искр, а под конец - поток белых трещащих разлетающихся искр и красных огней<br><BR><iframe width="560" height="315" src="https://www.youtube.com/embed/jlwPWD7tk04?rel=0" frameborder="0" allowfullscreen></iframe>||||||||1|||1|http://presta6.newogonek.ru/images/р4222.jpg^http://presta6.newogonek.ru/images/р4222-1.jpg^http://presta6.newogonek.ru/images/р4222-2.jpg^http://presta6.newogonek.ru/images/р4222-3.jpg|1|Фасовка:уп.:1||new||||2|1^4^5^6|1|1|
18|1|Птица|6|180.00|0|180.00||||||Р4390|Р4390|1|1|1|1|40||||||17.500000|9.800000|9.800000|0.362500||1|||0|0|1|за 1 шт.|уп.|5000|1. Поток золотых искр и белые вспышки. 2. Поток золотых искр и красные огни. 3. Белые вспышки и зеленые огни. 4. Поток золотых искр и треск.|1. Поток золотых искр и белые вспышки. 2. Поток золотых искр и красные огни. 3. Белые вспышки и зеленые огни. 4. Поток золотых искр и треск.<br><BR><iframe width="560" height="315" src="https://www.youtube.com/embed/Gdu_J_IebYA?rel=0" frameborder="0" allowfullscreen></iframe>||||||||1|||1|http://presta6.newogonek.ru/images/р4390.jpg^http://presta6.newogonek.ru/images/р4390-1.jpg^http://presta6.newogonek.ru/images/р4390-2.jpg^http://presta6.newogonek.ru/images/р4390-3.jpg^http://presta6.newogonek.ru/images/р4390-4.jpg|1|Фасовка:шт.:1||new||||2|1^4^5^6|1|1|
19|1|Фонтан|6^43^44|190.00|0|190.00||||||Р4816|Р4816|1|1|1|1|48||||||11.500000|7.200000|7.200000|0.114583||1|||0|0|1|за 1 шт.|уп.|5000|поджигаете центральный фонтан - и под звуки "Happy birthday to you!" цветок медленно раскрывается, при этом на каждом лепестке загораются свечки. Отличием является цвет - лотос полностью покрыт золотистой краской, что придает ему еще более праздничный вид!|поджигаете центральный фонтан - и под звуки "Happy birthday to you!" цветок медленно раскрывается, при этом на каждом лепестке загораются свечки. Отличием является цвет - лотос полностью покрыт золотистой краской, что придает ему еще более праздничный вид!<br><BR><iframe width="560" height="315" src="https://www.youtube.com/embed/TQX5lF8lSDo?rel=0" frameborder="0" allowfullscreen></iframe>||||||||1|||1|http://presta6.newogonek.ru/images/р4816.jpg^http://presta6.newogonek.ru/images/р4816-1.jpg|1|Фасовка:шт.:1||new||||2|1^4^5^6|1|1|
20|1|Зашибись|6^45|200.00|0|200.00||||||РС171|РС171|1|3|1|1|12||||||17.100000|14.600000|14.600000|1.666667||1|||0|0|1|за 1 шт.|уп.|5000|Поток золотых трещащих разлетающихся искр; красных и зеленых огней. 2. Красные огни и швермерные элементы. 3. Зеленые огни и серебряные искристые форсы. 4. Красные огни и множество трещащих сфер.|Поток золотых трещащих разлетающихся искр; красных и зеленых огней. 2. Красные огни и швермерные элементы. 3. Зеленые огни и серебряные искристые форсы. 4. Красные огни и множество трещащих сфер.<br><BR><iframe width="560" height="315" src="https://www.youtube.com/embed/k9bt-UM3QFo?rel=0" frameborder="0" allowfullscreen></iframe>||||||||1|||1|http://presta6.newogonek.ru/images/рс171.jpg^http://presta6.newogonek.ru/images/rc171-1.jpg^http://presta6.newogonek.ru/images/рс171-1.jpg^http://presta6.newogonek.ru/images/rc171-2.jpg^http://presta6.newogonek.ru/images/рс171-2.jpg^http://presta6.newogonek.ru/images/rc171-3.jpg^http://presta6.newogonek.ru/images/рс171-3.jpg^http://presta6.newogonek.ru/images/rc171-4.jpg^http://presta6.newogonek.ru/images/рс171-4.jpg^http://presta6.newogonek.ru/images/rc171-5.jpg^http://presta6.newogonek.ru/images/рс171-5.jpg^http://presta6.newogonek.ru/images/rc171-6.jpg^http://presta6.newogonek.ru/images/рс171-6.jpg|1|Фасовка:шт.:1^Количество залпов:12:2^Калибр:1:3||new||||2|1^4^5^6|1|1|
21|1|ПироMAN и пироWOMAN|6^45|210.00|0|210.00||||||РС174|РС174|1|3|1|1|4||||||26.000000|17.000000|22.500000|2.500000||1|||0|0|1|за 1 шт.|уп.|5000|Поток серебряных искр и синих огней.<BR>Поток серебряных огней.<BR>Поток разлетающихся искр, красных, зеленых и синих огней.<BR>Поток разлетающихся серебряных огней.<BR>Красные и серебряные мерцающие огни.<BR>Зеленые, синие, фиолетовые и серебряные мерцающие огни.<BR>Желтые, оранжевые, синие и серебряные мерцающие огни.<BR>Золотые форсы, красные, синие и серебряные мерцающие огни.|Поток серебряных искр и синих огней.<BR>Поток серебряных огней.<BR>Поток разлетающихся искр, красных, зеленых и синих огней.<BR>Поток разлетающихся серебряных огней.<BR>Красные и серебряные мерцающие огни.<BR>Зеленые, синие, фиолетовые и серебряные мерцающие огни.<BR>Желтые, оранжевые, синие и серебряные мерцающие огни.<BR>Золотые форсы, красные, синие и серебряные мерцающие огни.<br><BR><iframe width="560" height="315" src="https://www.youtube.com/embed/5nEGh_oASKA?rel=0" frameborder="0" allowfullscreen></iframe>||||||||1|||1|http://presta6.newogonek.ru/images/рс174.jpg^http://presta6.newogonek.ru/images/рс174-1.jpg^http://presta6.newogonek.ru/images/рс174-2.jpg^http://presta6.newogonek.ru/images/рс174-3.jpg^http://presta6.newogonek.ru/images/рс174-4.jpg^http://presta6.newogonek.ru/images/рс174-5.jpg^http://presta6.newogonek.ru/images/рс174-6.jpg^http://presta6.newogonek.ru/images/рс174-7.jpg|1|Фасовка:шт.:1^Количество залпов:18:2^Калибр:1.2:3||new||||2|1^4^5^6|1|1|
22|1|Хрустальное скрдце|6^45|220.00|0|220.00||||||РС175|РС175|1|3|1|1|3||||||37.500000|19.000000|23.500000|5.333333||1|||0|0|1|за 1 шт.|уп.|5000|1. красное пламя;<BR>2. поток серебряных искр;<BR>3. поток зеленых и разлетающихся трещащих огней;<BR>4. поток золотых искр;<BR>5. поток красных, зеленых и разлетающихся трещащих серебряных огней. <BR>Верхний уровень. Разноцветные кометы разрываются сферами из:<BR>6. серебряных мерцающих и красных с серебряными форсами огней; <BR>7. золотых форсов и множества трещащих искр;<BR>8. золотых искристых форсов, синих и зеленых огней;<BR>Нижний уровень - фонтан. <BR>9. поток золотых звездочек;<BR>10. поток красных, зеленых и разлетающихся серебряных огней. <BR>Верхний уровень. Разноцветные кометы разрываются сферами из:<BR>11. серебряных мерцающих и красных с золотыми форсами огней;<BR>12. красных огней и серебряных искристых форсов;<BR>13. серебряных форсов и множества трещащих сфер (залп);<BR>1|1. красное пламя;<BR>2. поток серебряных искр;<BR>3. поток зеленых и разлетающихся трещащих огней;<BR>4. поток золотых искр;<BR>5. поток красных, зеленых и разлетающихся трещащих серебряных огней. <BR>Верхний уровень. Разноцветные кометы разрываются сферами из:<BR>6. серебряных мерцающих и красных с серебряными форсами огней; <BR>7. золотых форсов и множества трещащих искр;<BR>8. золотых искристых форсов, синих и зеленых огней;<BR>Нижний уровень - фонтан. <BR>9. поток золотых звездочек;<BR>10. поток красных, зеленых и разлетающихся серебряных огней. <BR>Верхний уровень. Разноцветные кометы разрываются сферами из:<BR>11. серебряных мерцающих и красных с золотыми форсами огней;<BR>12. красных огней и серебряных искристых форсов;<BR>13. серебряных форсов и множества трещащих сфер (залп);<BR>14. зеленых огней и золотых форсов с золотыми искрами.<br><BR><iframe width="560" height="315" src="https://www.youtube.com/embed/BEGkg-lb9H4?rel=0" frameborder="0" allowfullscreen></iframe>||||||||1|||1|http://presta6.newogonek.ru/images/рс175.jpg^http://presta6.newogonek.ru/images/рс175-1.jpg^http://presta6.newogonek.ru/images/рс175-2.jpg^http://presta6.newogonek.ru/images/рс175-3.jpg^http://presta6.newogonek.ru/images/рс175-4.jpg^http://presta6.newogonek.ru/images/рс175-5.jpg^http://presta6.newogonek.ru/images/рс175-6.jpg^http://presta6.newogonek.ru/images/рс175-7.jpg^http://presta6.newogonek.ru/images/рс175-8.jpg^http://presta6.newogonek.ru/images/рс175-9.jpg^http://presta6.newogonek.ru/images/рс175-10.jpg^http://presta6.newogonek.ru/images/рс175-11.jpg^http://presta6.newogonek.ru/images/рс175-12.jpg^http://presta6.newogonek.ru/images/рс175-13.jpg|1|Фасовка:шт.:1^Количество залпов:24:2^Калибр:1.2:3||new||||2|1^4^5^6|1|1|
23|1|Бурный Везувий|6^42|230.00|0|230.00||||||РС461|РС461|1|3|4|1|10||||||20.300000|8.200000|8.200000|1.500000||1|||0|1|4|за 1 шт.|уп.|5000|Красное пламя в основании и поток золотых звездочек.<BR>Поток серебряных искр.<BR>Поток разлетающихся трещащих искр, красных и зеленых огней.|Красное пламя в основании и поток золотых звездочек.<BR>Поток серебряных искр.<BR>Поток разлетающихся трещащих искр, красных и зеленых огней.<br><BR><iframe width="560" height="315" src="https://www.youtube.com/embed/7eM6l793Ibw?rel=0" frameborder="0" allowfullscreen></iframe>||||||||1|||1|http://presta6.newogonek.ru/images/рс461.jpg^http://presta6.newogonek.ru/images/рс461-1.jpg^http://presta6.newogonek.ru/images/рс461-2.jpg^http://presta6.newogonek.ru/images/рс461-3.jpg^http://presta6.newogonek.ru/images/рс461-4.jpg|1|Фасовка:уп.:1||new||||2|1^4^5^6|1|1|
24|1|Дружба народов|6^43|240.00|0|240.00||||||РС492|РС492|1|3|1|1|8||||||21.500000|19.500000|19.500000|1.000000||1|||0|0|1|за 1 шт.|уп.|5000|11 эффектов.<BR>1. красное пламя в основании и поток серебряных звездочек;<BR>2.  поток красных, зеленых и разлетающихся трещащих серебряных огней;<BR>3. зеленое пламя в основании и поток серебряных звездочек;<BR>4. поток синих, зеленых и разлетающихся трещащих серебряных огней;<BR>5. фиолетовое пламя в основании и поток серебряных звездочек;<BR>6.  поток красных, зеленых и разлетающихся трещащих серебряных искр;<BR>7. синее пламя в основании и  поток серебряных звездочек;<BR>8.  поток красных, зеленых и разлетающихся трещащих золотых огней;<BR>9. желтое  пламя в основании и поток серебряных огней;<BR>10. поток желтых, фиолетовых и разлетающихся шуршащих серебряных огней;<BR>11.  вертикальный фонтан: - синее пламя в основании и поток серебряных огней, потом поток красных, синих  и зеленых|11 эффектов.<BR>1. красное пламя в основании и поток серебряных звездочек;<BR>2.  поток красных, зеленых и разлетающихся трещащих серебряных огней;<BR>3. зеленое пламя в основании и поток серебряных звездочек;<BR>4. поток синих, зеленых и разлетающихся трещащих серебряных огней;<BR>5. фиолетовое пламя в основании и поток серебряных звездочек;<BR>6.  поток красных, зеленых и разлетающихся трещащих серебряных искр;<BR>7. синее пламя в основании и  поток серебряных звездочек;<BR>8.  поток красных, зеленых и разлетающихся трещащих золотых огней;<BR>9. желтое  пламя в основании и поток серебряных огней;<BR>10. поток желтых, фиолетовых и разлетающихся шуршащих серебряных огней;<BR>11.  вертикальный фонтан: - синее пламя в основании и поток серебряных огней, потом поток красных, синих  и зеленых огней и серебряных трещащих искр; 3 горизонтальных фонтана – красное пламя в основании и поток серебряных огней.<br><BR><iframe width="560" height="315" src="https://www.youtube.com/embed/KxxnkoTPfDs?rel=0" frameborder="0" allowfullscreen></iframe>||||||||1|||1|http://presta6.newogonek.ru/images/рс492.jpg|1|Фасовка:шт.:1||new||||2|1^4^5^6|1|1|
25|1|Римская свеча-30|7^46^108^55^110^113|250.00|0|250.00||||||Р5080|Р5080|1|1|12|1|36||||||54.000000|1.200000|1.200000|0.527778||1|||0|1|12|за 1 шт.|уп.|5000|3 эффекта: 1. Красные звезды. 2. Зеленые звезды. 3. Оранжевые звезды (до 15 м)|3 эффекта: 1. Красные звезды. 2. Зеленые звезды. 3. Оранжевые звезды (до 15 м)<br><BR><iframe width="560" height="315" src="https://www.youtube.com/embed/2QddyXgzbT4?rel=0" frameborder="0" allowfullscreen></iframe>||||||||1|||1|http://presta6.newogonek.ru/images/р5080.jpg^http://presta6.newogonek.ru/images/р5080-1.jpg^http://presta6.newogonek.ru/images/р5080-2.jpg^http://presta6.newogonek.ru/images/р5080-3.jpg|1|Фасовка:уп.:1^Количество залпов:30:2^Калибр:0.3:3||new||||2|1^4^5^6|1|1|
26|1|Метелица|7^47^108^55^110^111|260.00|0|260.00||||||Р5300|Р5300|1|1|4|1|36||||||47.000000|2.100000|2.100000|0.416667||1|||0|1|4|за 1 шт.|уп.|5000|Выстреливает белые искристые кометы, переходящие в искристые вертушки с треском.|Выстреливает белые искристые кометы, переходящие в искристые вертушки с треском.<br><BR><iframe width="560" height="315" src="https://www.youtube.com/embed/sW0ykWhJdeE?rel=0" frameborder="0" allowfullscreen></iframe>||||||||1|||1|http://presta6.newogonek.ru/images/р5300.jpg^http://presta6.newogonek.ru/images/р5300-1.jpg^http://presta6.newogonek.ru/images/р5300-2.jpg|1|Фасовка:уп.:1^Количество залпов:6:2^Калибр:0.5:3||new||||2|1^4^5^6|1|1|
27|1|Щелкунчик|7^47^108^50^110^112|270.00|0|270.00||||||Р5543|Р5543|1|1|2|1|24||||||53.000000|3.400000|3.400000|0.458333||1|||0|1|2|за 1 шт.|уп.|5000|2 эффекта: 1. Красные звезды с белыми искристыми хвостами и треском. 2. Зеленое мерцание.|2 эффекта: 1. Красные звезды с белыми искристыми хвостами и треском. 2. Зеленое мерцание.<br><BR><iframe width="560" height="315" src="https://www.youtube.com/embed/2XNG4Z8attk?rel=0" frameborder="0" allowfullscreen></iframe>||||||||1|||1|http://presta6.newogonek.ru/images/р5543.jpg^http://presta6.newogonek.ru/images/р5543-1.jpg^http://presta6.newogonek.ru/images/р5543-2.jpg^http://presta6.newogonek.ru/images/р5543-3.jpg|1|Фасовка:уп.:1^Количество залпов:8:2^Калибр:0.8:3||new||||2|1^4^5^6|1|1|
28|1|Танец  огня|7^47^108^50^110^112|280.00|0|280.00||||||РС500|РС500|1|3|2|1|36||||||53.000000|3.400000|3.400000|0.763889||1|||0|1|2|за 1 шт.|уп.|5000|Разноцветные кометы разрываются сферами из:<BR><BR>красных огней;<BR>зеленых огней;<BR>разноцветных огней;<BR>трещащих огней.|Разноцветные кометы разрываются сферами из:<BR><BR>красных огней;<BR>зеленых огней;<BR>разноцветных огней;<BR>трещащих огней.<br><BR><iframe width="560" height="315" src="https://www.youtube.com/embed/HmHVuK8W6Cc?rel=0" frameborder="0" allowfullscreen></iframe>||||||||1|||1|http://presta6.newogonek.ru/images/рс500.jpg|1|Фасовка:уп.:1^Количество залпов:8:2^Калибр:0.8:3||new||||2|1^4^5^6|1|1|
29|1|Травиата|7^47^108^50^110^112|290.00|0|290.00||||||РС505|РС505|1|3|2|1|36||||||53.000000|3.400000|3.400000|0.666667||1|||0|1|2|за 1 шт.|уп.|5000|4 эффекта. Разноцветные кометы разрываются сферами из: <BR>красных и белых мерцающих огней;<BR>серебряных форсов и золотых мерцающих огней;<BR>серебряных форсов и белых мерцающих огней;<BR>серебряных форсов и трещащих огней.|4 эффекта. Разноцветные кометы разрываются сферами из: <BR>красных и белых мерцающих огней;<BR>серебряных форсов и золотых мерцающих огней;<BR>серебряных форсов и белых мерцающих огней;<BR>серебряных форсов и трещащих огней.<br><BR><iframe width="560" height="315" src="https://www.youtube.com/embed/hqvUifFh2Dw?rel=0" frameborder="0" allowfullscreen></iframe>||||||||1|||1|http://presta6.newogonek.ru/images/рс505.jpg|1|Фасовка:уп.:1^Количество залпов:8:2^Калибр:0.8:3||new||||2|1^4^5^6|1|1|
30|1|Пиковая дама|7^47^108^50^110^112|300.00|0|300.00||||||РС506|РС506|1|3|2|1|36||||||53.000000|3.400000|3.400000|0.666667||1|||0|1|2|за 1 шт.|уп.|5000|Разноцветные кометы разрываются сферами из: <BR>синих огней;<BR>золотых форсов и красных мерцающих огней;<BR>золотых форсов и золотых мерцающих огней;<BR>трещащих огней.|Разноцветные кометы разрываются сферами из: <BR>синих огней;<BR>золотых форсов и красных мерцающих огней;<BR>золотых форсов и золотых мерцающих огней;<BR>трещащих огней.<br><BR><iframe width="560" height="315" src="https://www.youtube.com/embed/pvNUq75c-S4?rel=0" frameborder="0" allowfullscreen></iframe>||||||||1|||1|http://presta6.newogonek.ru/images/рс506.jpg^http://presta6.newogonek.ru/images/рс506-1.jpg^http://presta6.newogonek.ru/images/рс506-2.jpg^http://presta6.newogonek.ru/images/рс506-3.jpg|1|Фасовка:уп.:1^Количество залпов:8:2^Калибр:0.8:3||new||||2|1^4^5^6|1|1|
31|1|Нов. калейдоскоп|7^47^108^51^110^112|310.00|0|310.00||||||РС530|РС530|1|3|1|1|36||||||89.000000|4.000000|4.000000|0.736111||1|||0|0|1|за 1 шт.|уп.|5000|4 эффекта. Разноцветные кометы разрываются сферами из: <BR>золотых форсов и зеленых мерцающих огней;<BR>оранжевых огней с форсами, зеленых огней с форсами и трещащих огней в центре;<BR>серебряных мерцающих огней;<BR>красных огней с форсами, зеленых огней с форсами и трещащих огней в центре.|4 эффекта. Разноцветные кометы разрываются сферами из: <BR>золотых форсов и зеленых мерцающих огней;<BR>оранжевых огней с форсами, зеленых огней с форсами и трещащих огней в центре;<BR>серебряных мерцающих огней;<BR>красных огней с форсами, зеленых огней с форсами и трещащих огней в центре.<br><BR><iframe width="560" height="315" src="https://www.youtube.com/embed/MDXm5-N6T5Q?rel=0" frameborder="0" allowfullscreen></iframe>||||||||1|||1|http://presta6.newogonek.ru/images/рс530.jpg|1|Фасовка:шт.:1^Количество залпов:8:2^Калибр:1.2:3||new||||2|1^4^5^6|1|1|
32|1|Южный крест|7^48^47^108^50^110^113|320.00|0|320.00||||||РС570|РС570|1|3|1|1|18||||||59.000000|6.800000|6.800000|1.333333||1|||0|0|1|за 1 шт.|уп.|5000|8 эффектов. <BR>Разноцветные кометы разрываются сферами из: <BR>1. серебряных форсов; <BR>2. зеленых огней; <BR>3. синих огней; <BR>4. красных огней; <BR>5. белых мерцающих огней; <BR>6. зеленых и фиолетовых огней; <BR>7. красных и зеленых огней; <BR>8. синих и белых мерцающих огней.|8 эффектов. <BR>Разноцветные кометы разрываются сферами из: <BR>1. серебряных форсов; <BR>2. зеленых огней; <BR>3. синих огней; <BR>4. красных огней; <BR>5. белых мерцающих огней; <BR>6. зеленых и фиолетовых огней; <BR>7. красных и зеленых огней; <BR>8. синих и белых мерцающих огней.<br><BR><iframe width="560" height="315" src="https://www.youtube.com/embed/RX5KRa3Hicw?rel=0" frameborder="0" allowfullscreen></iframe>||||||||1|||1|http://presta6.newogonek.ru/images/рс570.jpg|1|Фасовка:шт.:1^Количество залпов:40:2^Калибр:0.8:3||new||||2|1^4^5^6|1|1|
33|1|Гончие псы|7^47^48^108^50^110^113|330.00|0|330.00||||||РС572|РС572|1|3|1|1|18||||||59.000000|7.200000|7.200000|1.333333||1|||0|0|1|за 1 шт.|уп.|5000|15 эффектов. <BR>Разноцветные кометы разрываются сферами из:<BR>1. золотых форсов;<BR>2. серебряных форсов;<BR>3. красных и синих огней;<BR>4. красных и серебряных мерцающих огней;<BR>5. золотых форсов и серебряных трещащих огней;<BR>6. фиолетовых огнй;<BR>7. оранжевых и зеленых огней;<BR>8. множества трещащих сфер;<BR>9. золотых форсов и зеленых мерцающих огней;<BR>10. золотых огней с золотыми форсами;<BR>11. красных и зеленых огней; <BR>12. множества серебряных трещащих огней;<BR>13. серебряных форсов и красных мерцающих огней;<BR>14. красных огней с серебряными форсами;<BR>15. зеленых и фиолетовых огней.|15 эффектов. <BR>Разноцветные кометы разрываются сферами из:<BR>1. золотых форсов;<BR>2. серебряных форсов;<BR>3. красных и синих огней;<BR>4. красных и серебряных мерцающих огней;<BR>5. золотых форсов и серебряных трещащих огней;<BR>6. фиолетовых огнй;<BR>7. оранжевых и зеленых огней;<BR>8. множества трещащих сфер;<BR>9. золотых форсов и зеленых мерцающих огней;<BR>10. золотых огней с золотыми форсами;<BR>11. красных и зеленых огней; <BR>12. множества серебряных трещащих огней;<BR>13. серебряных форсов и красных мерцающих огней;<BR>14. красных огней с серебряными форсами;<BR>15. зеленых и фиолетовых огней.<br><BR><iframe width="560" height="315" src="https://www.youtube.com/embed/qkudeI27w88?rel=0" frameborder="0" allowfullscreen></iframe>||||||||1|||1|http://presta6.newogonek.ru/images/рс572.jpg|1|Фасовка:шт.:1^Количество залпов:40:2^Калибр:0.8:3||new||||2|1^4^5^6|1|1|
34|1|Матрёшка ( 1,7" x 6 )|8^58|340.00|0|340.00||||||Р6210|Р6210|1|1|1|1|15||||||27.500000|5.200000|5.200000|0.000000||1|||0|0|1|за 1 шт.|уп.|5000|1. Разрыв красными зведами. 2. Разрыв зелеными звездами. 3. Разрыв белыми звездами.|1. Разрыв красными зведами. 2. Разрыв зелеными звездами. 3. Разрыв белыми звездами.<br><BR><iframe width="560" height="315" src="https://www.youtube.com/embed/V50z3UMvO4A?rel=0" frameborder="0" allowfullscreen></iframe>||||||||1|||1|http://presta6.newogonek.ru/images/р6210.jpg^http://presta6.newogonek.ru/images/р6210-1.jpg^http://presta6.newogonek.ru/images/р6210-2.jpg^http://presta6.newogonek.ru/images/р6210-3.jpg|1|Фасовка:шт.:1^Количество залпов:6:2^Калибр:1.7:3||new||||2|1^4^5^6|1|1|
35|1|Салют наций|8^60|350.00|0|350.00||||||Р6290|Р6290|1|0|1|1|6||||||35.500000|5.400000|5.400000|30.000000||1|||0|0|1|за 1 шт.|уп.|5000|Набор шаров с различными эффектами:<BR><BR>1. Сфера красных звезд.<BR><BR>2. Сфера синих звезд.<BR><BR>3. Сфера зеленых звезд.<BR><BR>4. Золотые и зеленые звезды.<BR><BR>5. Белые хвосты и красные звезды.<BR><BR>6. Белые хвосты и облако трещащих разрывов.<BR><BR>7. Угольные хвосты и красные, зеленые звезды.<BR><BR>8. Разрыв золотыми звездами и букет красных звезд.<BR><BR>9. Угольные хвосты, белые звезды и белые хвосты.<BR><BR>10. Малиновые звезды, красные и зеленые звезды, облако трещащих разрывов.<BR><BR>11. Синие звезды с белыми хвостами, золотые звезды и облако трещащих разрывов.<BR><BR>12. Угольные хвосты, белые звезды и зеленые звезды с белыми хвостами.|Набор шаров с различными эффектами:<BR><BR>1. Сфера красных звезд.<BR><BR>2. Сфера синих звезд.<BR><BR>3. Сфера зеленых звезд.<BR><BR>4. Золотые и зеленые звезды.<BR><BR>5. Белые хвосты и красные звезды.<BR><BR>6. Белые хвосты и облако трещащих разрывов.<BR><BR>7. Угольные хвосты и красные, зеленые звезды.<BR><BR>8. Разрыв золотыми звездами и букет красных звезд.<BR><BR>9. Угольные хвосты, белые звезды и белые хвосты.<BR><BR>10. Малиновые звезды, красные и зеленые звезды, облако трещащих разрывов.<BR><BR>11. Синие звезды с белыми хвостами, золотые звезды и облако трещащих разрывов.<BR><BR>12. Угольные хвосты, белые звезды и зеленые звезды с белыми хвостами.<br><BR><iframe width="560" height="315" src="https://www.youtube.com/embed/mO0JQVY8Tk8?rel=0" frameborder="0" allowfullscreen></iframe>||||||||1|||1|http://presta6.newogonek.ru/images/р6290.jpg^http://presta6.newogonek.ru/images/р6290-1.jpg^http://presta6.newogonek.ru/images/р6290-2.jpg^http://presta6.newogonek.ru/images/р6290-3.jpg^http://presta6.newogonek.ru/images/р6290-4.jpg^http://presta6.newogonek.ru/images/р6290-5.jpg^http://presta6.newogonek.ru/images/р6290-6.jpg^http://presta6.newogonek.ru/images/р6290-7.jpg^http://presta6.newogonek.ru/images/р6290-8.jpg^http://presta6.newogonek.ru/images/р6290-9.jpg|1|Фасовка:шт.:1^Количество залпов:18:2^Калибр:1.9:3||new||||2|1^4^5^6|1|1|
36|1|Неваляшка|8^58|360.00|0|360.00||||||РС680|РС680|1|3|1|1|15||||||30.000000|10.000000|15.000000|0.666667||1|||0|0|1|за 1 шт.|уп.|5000|6 эффектов: <BR>сфера из красных огней;<BR>сфера из зеленых огней;<BR>сфера из золотых огней;<BR>сфера из серебряных огней;<BR>сфера из красных и зеленых огней;<BR>сфера из разноцветных огней.|6 эффектов: <BR>сфера из красных огней;<BR>сфера из зеленых огней;<BR>сфера из золотых огней;<BR>сфера из серебряных огней;<BR>сфера из красных и зеленых огней;<BR>сфера из разноцветных огней.<br><BR><iframe width="560" height="315" src="https://www.youtube.com/embed/Hc6jr8UmQiQ?rel=0" frameborder="0" allowfullscreen></iframe>||||||||1|||1|http://presta6.newogonek.ru/images/рс680.jpg|1|Фасовка:шт.:1^Количество залпов:6:2^Калибр:1.75:3||new||||2|1^4^5^6|1|1|
37|1|Неваляшка|8^58|370.00|0|370.00||||||РС680|РС680|1|3|1|1|15||||||30.000000|10.000000|15.000000|0.666667||1|||0|0|1|за 1 шт.|уп.|5000|6 эффектов: <BR>сфера из красных огней;<BR>сфера из зеленых огней;<BR>сфера из золотых огней;<BR>сфера из серебряных огней;<BR>сфера из красных и зеленых огней;<BR>сфера из разноцветных огней.|6 эффектов: <BR>сфера из красных огней;<BR>сфера из зеленых огней;<BR>сфера из золотых огней;<BR>сфера из серебряных огней;<BR>сфера из красных и зеленых огней;<BR>сфера из разноцветных огней.<br><BR><iframe width="560" height="315" src="https://www.youtube.com/embed/Hc6jr8UmQiQ?rel=0" frameborder="0" allowfullscreen></iframe>||||||||1|||1|http://presta6.newogonek.ru/images/рс680.jpg|1|Фасовка:шт.:1^Количество залпов:6:2^Калибр:1.75:3||new||||2|1^4^5^6|1|1|
38|1|Ха-ра-шо!|9^71^88^117^117^107^63^114^117|380.00|0|380.00||||||Е-С210|Е-С210|1|0|1|1|24||||||12.500000|12.500000|12.500000|1.083333||1|||0|0|1|за 1 шт.|уп.|5000|1. Красные звезды с золотыми хвостами и белым мерцанием.<BR>2. Зеленые звезды с золотыми хвостами и трещащими разрывами.<BR>3. Фиолетовые звезды с золотыми хвостами и треском.<BR>4. Синие звезды с золотыми хвостами и треском.<BR>5. Сфера разноцветных звезд, облако трещащих разрывов и мерцание|1. Красные звезды с золотыми хвостами и белым мерцанием.<BR>2. Зеленые звезды с золотыми хвостами и трещащими разрывами.<BR>3. Фиолетовые звезды с золотыми хвостами и треском.<BR>4. Синие звезды с золотыми хвостами и треском.<BR>5. Сфера разноцветных звезд, облако трещащих разрывов и мерцание<br><BR><iframe width="560" height="315" src="https://www.youtube.com/embed/dYWQfpNszCU?rel=0" frameborder="0" allowfullscreen></iframe>||||||||1|||1|http://presta6.newogonek.ru/images/е-с210.jpg^http://presta6.newogonek.ru/images/е-с210-1.jpg^http://presta6.newogonek.ru/images/е-с210-2.jpg^http://presta6.newogonek.ru/images/е-с210-3.jpg^http://presta6.newogonek.ru/images/е-с210-4.jpg^http://presta6.newogonek.ru/images/е-с210-5.jpg|1|Фасовка:шт.:1^Количество залпов:25:2^Калибр:0.8:3||new||||2|1^4^5^6|1|1|
39|1|Флеш-моб|9^73^117^117^107^65^114^117|390.00|0|390.00||||||Е-С401|Е-С401|1|0|1|1|12||||||17.500000|15.500000|15.500000|2.208333||1|||0|0|1|за 1 шт.|уп.|5000|1. Синие звезды с белыми хвостами.<BR>2. Красные звезды и белое мерцание.<BR>3. Фиолетовые звезды с переходом в зеленые звезды с бронзовыми хвостами.<BR>4. Красочная концовка: залп из сфер красных и зеленых звезд с белым мерцанием и треском|1. Синие звезды с белыми хвостами.<BR>2. Красные звезды и белое мерцание.<BR>3. Фиолетовые звезды с переходом в зеленые звезды с бронзовыми хвостами.<BR>4. Красочная концовка: залп из сфер красных и зеленых звезд с белым мерцанием и треском<br><BR><iframe width="560" height="315" src="https://www.youtube.com/embed/m0e0ZZd5coU?rel=0" frameborder="0" allowfullscreen></iframe>||||||||1|||1|http://presta6.newogonek.ru/images/е-с401.jpg^http://presta6.newogonek.ru/images/е-с401-1.jpg^http://presta6.newogonek.ru/images/е-с401-2.jpg^http://presta6.newogonek.ru/images/е-с401-3.jpg^http://presta6.newogonek.ru/images/е-с401-4.jpg|1|Фасовка:шт.:1^Количество залпов:25:2^Калибр:1:3||new||||2|1^4^5^6|1|1|
40|1|Нано-салют|9^107^63^114^115|400.00|0|400.00||||||РС601|РС601|1|3|1|1|24||||||11.000000|8.000000|8.000000|0.520833||1|||0|0|1|за 1 шт.|уп.|5000|Красные огни и множества трещащих сфер.<BR>Зеленые огни и множества трещащих сфер|Красные огни и множества трещащих сфер.<BR>Зеленые огни и множества трещащих сфер<br><BR><iframe width="560" height="315" src="https://www.youtube.com/embed/ug4PUVgix68?rel=0" frameborder="0" allowfullscreen></iframe>||||||||1|||1|http://presta6.newogonek.ru/images/рс601.jpg^http://presta6.newogonek.ru/images/рс601-1.jpg^http://presta6.newogonek.ru/images/рс601-2.jpg|1|Фасовка:шт.:1^Количество залпов:7:2^Калибр:0.8:3||new||||2|1^4^5^6|1|1|
41|1|Не тормози!|9^71^88^76^107^63^114^116|410.00|0|410.00||||||РС607|РС607|1|3|1|1|24||||||12.500000|10.500000|10.500000|0.854167||1|||0|0|1|за 1 шт.|уп.|5000|Разноцветные кометы разрываются сферами из: <BR>1. красных огней  и серебряных форсов; <BR>2. зеленых огней  и серебряных форсов; <BR>3. синих огней  и серебряных форсов; <BR>4. красных огней с серебряными форсами и  трещащих огней.|Разноцветные кометы разрываются сферами из: <BR>1. красных огней  и серебряных форсов; <BR>2. зеленых огней  и серебряных форсов; <BR>3. синих огней  и серебряных форсов; <BR>4. красных огней с серебряными форсами и  трещащих огней.<br><BR><iframe width="560" height="315" src="https://www.youtube.com/embed/JkcRJiuxf0I?rel=0" frameborder="0" allowfullscreen></iframe>||||||||1|||1|http://presta6.newogonek.ru/images/рс607.jpg^http://presta6.newogonek.ru/images/рс607-1.jpg^http://presta6.newogonek.ru/images/рс607-2.jpg^http://presta6.newogonek.ru/images/рс607-3.jpg^http://presta6.newogonek.ru/images/рс607-4.jpg|1|Фасовка:шт.:1^Количество залпов:16:2^Калибр:0.8:3||new||||2|1^4^5^6|1|1|
42|1|Ура! Каникулы!|9^71^85^86^107^65^114^116|420.00|0|420.00||||||РС702|РС702|1|3|1|1|24||||||15.000000|10.000000|12.000000|0.770833||1|||0|0|1|за 1 шт.|уп.|5000|Разноцветные кометы разрываются сферами из: <BR>красных трещащих форсов;<BR>серебряных трещащих форсов;<BR>золотых форсов и синих огней.<BR><BR>|Разноцветные кометы разрываются сферами из: <BR>красных трещащих форсов;<BR>серебряных трещащих форсов;<BR>золотых форсов и синих огней.<BR><BR><br><BR><iframe width="560" height="315" src="https://www.youtube.com/embed/_3Zzls04jJo?rel=0" frameborder="0" allowfullscreen></iframe>||||||||1|||1|http://presta6.newogonek.ru/images/рс702.jpg^http://presta6.newogonek.ru/images/рс702-1.jpg^http://presta6.newogonek.ru/images/рс702-2.jpg^http://presta6.newogonek.ru/images/рс702-3.jpg|1|Фасовка:шт.:1^Количество залпов:10:2^Калибр:1:3||new||||2|1^4^5^6|1|1|
43|1|Старый Новый год|9^71^74^78^107^65^114^119|430.00|0|430.00||||||РС741|РС741|1|3|1|1|8||||||21.800000|17.500000|21.800000|3.750000||1|||0|0|1|за 1 шт.|уп.|5000|Красные огни и золотые мерцающие форсы.<BR>Зеленые огни и золотые мерцающие форсы.<BR>Синие огни и золотые мерцающие форсы.<BR>Разноцветные огни и золотые мерцающие форсы.<BR>Золотые трещащие огни и золотые мерцающие форсы (залп).<BR>Серебряные рыбки.<BR>Синие букетики.|Красные огни и золотые мерцающие форсы.<BR>Зеленые огни и золотые мерцающие форсы.<BR>Синие огни и золотые мерцающие форсы.<BR>Разноцветные огни и золотые мерцающие форсы.<BR>Золотые трещащие огни и золотые мерцающие форсы (залп).<BR>Серебряные рыбки.<BR>Синие букетики.<br><BR><iframe width="560" height="315" src="https://www.youtube.com/embed/0rgaX9HNHW4?rel=0" frameborder="0" allowfullscreen></iframe>||||||||1|||1|http://presta6.newogonek.ru/images/рс741.jpg^http://presta6.newogonek.ru/images/рс741-1.jpg^http://presta6.newogonek.ru/images/рс741-2.jpg^http://presta6.newogonek.ru/images/рс741-3.jpg^http://presta6.newogonek.ru/images/рс741-4.jpg^http://presta6.newogonek.ru/images/рс741-5.jpg^http://presta6.newogonek.ru/images/рс741-6.jpg|1|Фасовка:шт.:1^Количество залпов:49:2^Калибр:1:3||new||||2|1^4^5^6|1|1|
44|1|Коралловый риф|9^73^107^64^114^123|440.00|0|440.00||||||РС884|РС884|1|3|1|1|1||||||56.000000|22.500000|37.500000|22.000000||1|||0|0|1|за 1 шт.|уп.|5000|Разноцветные или трещащие кометы; мерцающие трассы разрываются сферами из: <BR>красных огней;<BR>белых мерцающих огней;<BR>фиолетовых огней;<BR>зеленых мерцающих огней;<BR>красных огней с красными и синими букетиками в центре;<BR>белых мерцающих форсов с красными и синими букетиками в центре;<BR>зеленых мерцающих огней с зелеными и фиолетовыми букетиками в центре;<BR>красных огней с трещащими форсами;<BR>красных и трещащих огней;<BR>зеленых и трещащих огней;<BR>синих и трещащих огней,<BR>трещащих огней;<BR>множества трещащих сфер (залп).|Разноцветные или трещащие кометы; мерцающие трассы разрываются сферами из: <BR>красных огней;<BR>белых мерцающих огней;<BR>фиолетовых огней;<BR>зеленых мерцающих огней;<BR>красных огней с красными и синими букетиками в центре;<BR>белых мерцающих форсов с красными и синими букетиками в центре;<BR>зеленых мерцающих огней с зелеными и фиолетовыми букетиками в центре;<BR>красных огней с трещащими форсами;<BR>красных и трещащих огней;<BR>зеленых и трещащих огней;<BR>синих и трещащих огней,<BR>трещащих огней;<BR>множества трещащих сфер (залп).<br><BR><iframe width="560" height="315" src="https://www.youtube.com/embed/sE37QogECFQ?rel=0" frameborder="0" allowfullscreen></iframe>||||||||1|||1|http://presta6.newogonek.ru/images/рс884.jpg^http://presta6.newogonek.ru/images/рс884-1.jpg^http://presta6.newogonek.ru/images/рс884-2.jpg^http://presta6.newogonek.ru/images/рс884-3.jpg^http://presta6.newogonek.ru/images/рс884-4.jpg^http://presta6.newogonek.ru/images/рс884-5.jpg^http://presta6.newogonek.ru/images/рс884-6.jpg^http://presta6.newogonek.ru/images/рс884-7.jpg^http://presta6.newogonek.ru/images/рс884-8.jpg|1|Фасовка:шт.:1^Количество залпов:150:2^Калибр:1.2:3||new||||2|1^4^5^6|1|1|
45|1|Нижегор. Ярмарка|9^72^107^64^114^123|450.00|0|450.00||||||РС886|РС886|1|3|1|1|1||||||55.000000|22.500000|37.000000|22.000000||1|||0|0|1|за 1 шт.|уп.|5000|Нижний уровень: <BR>букеты из трещащих огней;<BR>букеты из синих огней.<BR>Верхний уровень. Разноцветные кометы разрываются сферами из: <BR>синих огней и серебряных форсов;<BR>зеленых мерцающих огней и серебряных форсов;<BR>синих и трещащих огней и форсов с белыми мерцающими искрами;<BR>крупных зеленых огней и трещащих форсов с красными мерцающими искрами;<BR>синих огней и золотых форсов;<BR>синих огней и искристых трещащих форсов|Нижний уровень: <BR>букеты из трещащих огней;<BR>букеты из синих огней.<BR>Верхний уровень. Разноцветные кометы разрываются сферами из: <BR>синих огней и серебряных форсов;<BR>зеленых мерцающих огней и серебряных форсов;<BR>синих и трещащих огней и форсов с белыми мерцающими искрами;<BR>крупных зеленых огней и трещащих форсов с красными мерцающими искрами;<BR>синих огней и золотых форсов;<BR>синих огней и искристых трещащих форсов<br><BR><iframe width="560" height="315" src="https://www.youtube.com/embed/_NNJ0Ad0X6E?rel=0" frameborder="0" allowfullscreen></iframe>||||||||1|||1|http://presta6.newogonek.ru/images/рс886.jpg^http://presta6.newogonek.ru/images/рс886-1.jpg^http://presta6.newogonek.ru/images/рс886-2.jpg^http://presta6.newogonek.ru/images/рс886-3.jpg^http://presta6.newogonek.ru/images/рс886-4.jpg^http://presta6.newogonek.ru/images/рс886-5.jpg^http://presta6.newogonek.ru/images/рс886-7.jpg|1|Фасовка:шт.:1^Количество залпов:150:2^Калибр:1.2:3||new||||2|1^4^5^6|1|1|
46|1|Бенг. свечи 400|10^23|460.00|0|460.00||||||ТР151|ТР151|1|0|3|1|50||||||41.000000|1.000000|3.300000|0.160000||1|||1|1|1|за 1 уп.из 3 шт.|уп.|5000|Разлетающиеся сверкающие искры|Разлетающиеся сверкающие искры<br><BR><iframe width="560" height="315" src="https://www.youtube.com/embed/lO-hQMWh2kY?rel=0" frameborder="0" allowfullscreen></iframe>||||||||1|||1|http://presta6.newogonek.ru/images/тр151.jpg|1|Фасовка:уп.:1||new||||2|1^4^5^6|1|1|
47|1|Бенг. свечи 350|10^23|470.00|0|470.00||||||ТР152|ТР152|1|0|3|1|44||||||36.000000|2.600000|2.600000|0.159091||1|||1|1|1|за 1 уп.из 3 шт.|уп.|5000|Разлетающиеся сверкающие искры|Разлетающиеся сверкающие искры<br><BR><iframe width="560" height="315" src="https://www.youtube.com/embed/IJkukv3PNPA?rel=0" frameborder="0" allowfullscreen></iframe>||||||||1|||1|http://presta6.newogonek.ru/images/тр152.jpg|1|Фасовка:уп.:1||new||||2|1^4^5^6|1|1|
48|1|Бенг. свечи 600|10^24|480.00|0|480.00||||||ТР154|ТР154|1|0|3|1|20||||||60.000000|1.200000|3.800000|0.350000||1|||1|1|1|за 1 уп.из 3 шт.|уп.|5000|Разлетающиеся сверкающие искры|Разлетающиеся сверкающие искры<br><BR><iframe width="560" height="315" src="https://www.youtube.com/embed/Jm5cu0i8FoY?rel=0" frameborder="0" allowfullscreen></iframe>||||||||1|||1|http://presta6.newogonek.ru/images/тр154.jpg|1|Фасовка:уп.:1||new||||2|1^4^5^6|1|1|
49|1|Сердечко|10^22^26|490.00|0|490.00||||||ТР162|ТР162|1|0|2|1|100||||||27.500000|1.500000|9.000000|0.021000||1|||1|1|1|за 1 уп.из 2 шт.|уп.|5000|Разлетающиеся сверкающие искры|Разлетающиеся сверкающие искры<br><BR><iframe width="560" height="315" src="https://www.youtube.com/embed/cWdIzU7ku9o?rel=0" frameborder="0" allowfullscreen></iframe>||||||||1|||1|http://presta6.newogonek.ru/images/тр162.jpg^http://presta6.newogonek.ru/images/тр162-1.jpg|1|Фасовка:уп.:1||new||||2|1^4^5^6|1|1|
50|1|Елочка|10^22^26|500.00|0|500.00||||||ТР163|ТР163|1|0|2|1|100||||||27.500000|1.500000|9.000000|0.020000||1|||1|1|1|за 1 уп.из 2 шт.|уп.|5000|Разлетающиеся сверкающие искры|Разлетающиеся сверкающие искры<br><BR><iframe width="560" height="315" src="https://www.youtube.com/embed/btwgH4msRnk?rel=0" frameborder="0" allowfullscreen></iframe>||||||||1|||1|http://presta6.newogonek.ru/images/тр163.jpg^http://presta6.newogonek.ru/images/тр163-1.jpg^http://presta6.newogonek.ru/images/тр163-2.jpg|1|Фасовка:уп.:1||new||||2|1^4^5^6|1|1|
51|1|Свиристель|10^27^22|510.00|0|510.00||||||ТР164|ТР164|1|0|5|1|120||||||36.500000|1.000000|3.500000|0.043333||1|||1|1|1|за 1 уп.из 5 шт.|уп.|5000|Разлетающиеся сверкающие искры, свист|Разлетающиеся сверкающие искры, свист<br><BR><iframe width="560" height="315" src="https://www.youtube.com/embed/xhHddSHKpf0?rel=0" frameborder="0" allowfullscreen></iframe>||||||||1|||1|http://presta6.newogonek.ru/images/тр164.jpg^http://presta6.newogonek.ru/images/тр164-1.jpg^http://presta6.newogonek.ru/images/тр164-2.jpg^http://presta6.newogonek.ru/images/тр164-3.jpg^http://presta6.newogonek.ru/images/тр164-4.jpg^http://presta6.newogonek.ru/images/тр164-5.jpg|1|Фасовка:уп.:1||new||||2|1^4^5^6|1|1|
52|1|Хлопушка|11^101|520.00|0|520.00||||||Р1900|Р1900|1|0|5|1|72||||||11.000000|2.600000|7.500000|0.055556||1|||0|1|5|за 1 шт.|уп.|5000|Хлопок и выброс<BR>разноцветного конфетти|Хлопок и выброс<BR>разноцветного конфетти<br><BR><iframe width="560" height="315" src="https://www.youtube.com/embed/pV8D67fPeWo?rel=0" frameborder="0" allowfullscreen></iframe>||||||||1|||1|http://presta6.newogonek.ru/images/р1900.jpg|1|Фасовка:уп.:1||new||||2|1^4^5^6|1|1|
53|1|Факел дым. белый|17^94|530.00|0|530.00||||||ФДБ|ФДБ|1|7|4|1|18||||||20.500000|3.500000|3.500000|0.166667||1|||0|1|4|за 1 шт.|уп.|5000|белый дым|белый дым<br><BR><iframe width="560" height="315" src="https://www.youtube.com/embed/J3y71YM_teQ?rel=0" frameborder="0" allowfullscreen></iframe>||||||||1|||1|http://presta6.newogonek.ru/images/фдб.jpg|1|Фасовка:уп.:1||new||||2|1^4^5^6|1|1|
54|1|Факел дым. желтый|17^94|540.00|0|540.00||||||ФДЖ|ФДЖ|1|7|4|1|18||||||20.500000|3.500000|3.500000|0.166667||1|||0|1|4|за 1 шт.|уп.|5000|желтый дым|желтый дым<br><BR><iframe width="560" height="315" src="https://www.youtube.com/embed/AF9wGwViYMw?rel=0" frameborder="0" allowfullscreen></iframe>||||||||1|||1|http://presta6.newogonek.ru/images/фдж.jpg|1|Фасовка:уп.:1||new||||2|1^4^5^6|1|1|
55|1|Факел дым. зеленый|17^94|550.00|0|550.00||||||ФДЗ|ФДЗ|1|7|4|1|18||||||20.500000|3.500000|3.500000|0.166667||1|||0|1|4|за 1 шт.|уп.|5000|зеленый дым|зеленый дым<br><BR><iframe width="560" height="315" src="https://www.youtube.com/embed/bvQZu0_sq5E?rel=0" frameborder="0" allowfullscreen></iframe>||||||||1|||1|http://presta6.newogonek.ru/images/фдз.jpg|1|Фасовка:уп.:1||new||||2|1^4^5^6|1|1|
56|1|Факел дым. оранжевый|17^94|560.00|0|560.00||||||ФДО|ФДО|1|7|4|1|18||||||20.500000|3.500000|3.500000|0.166667||1|||0|1|4|за 1 шт.|уп.|5000|оранжевый дым|оранжевый дым<br><BR><iframe width="560" height="315" src="https://www.youtube.com/embed/mXhcAKqzK7M?rel=0" frameborder="0" allowfullscreen></iframe>||||||||1|||1|http://presta6.newogonek.ru/images/фдо.jpg|1|Фасовка:уп.:1||new||||2|1^4^5^6|1|1|
57|1|Факел дым. синий|17^94|570.00|0|570.00||||||ФДС|ФДС|1|7|4|1|18||||||20.500000|3.500000|3.500000|0.166667||1|||0|1|4|за 1 шт.|уп.|5000|Синий дым|Синий дым<br><BR><iframe width="560" height="315" src="https://www.youtube.com/embed/4t0jDPqauyQ?rel=0" frameborder="0" allowfullscreen></iframe>||||||||1|||1|http://presta6.newogonek.ru/images/фдс.jpg|1|Фасовка:уп.:1||new||||2|1^4^5^6|1|1|
58|1|Факел огн. зеленый|17^95|580.00|0|580.00||||||ФОЗ|ФОЗ|1|7|4|1|18||||||19.500000|3.500000|3.500000|0.166667||1|||0|1|4|за 1 шт.|уп.|5000|зеленый огонь|зеленый огонь<br><BR><iframe width="560" height="315" src="https://www.youtube.com/embed/t5b7N7wepQ8?rel=0" frameborder="0" allowfullscreen></iframe>||||||||1|||1|http://presta6.newogonek.ru/images/фоз.jpg|1|Фасовка:уп.:1||new||||2|1^4^5^6|1|1|
59|1|Факел огн. красный|17^95|590.00|0|590.00||||||ФОК|ФОК|1|7|4|1|18||||||19.500000|3.500000|3.500000|0.166667||1|||0|1|4|за 1 шт.|уп.|5000|красный огонь|красный огонь<br><BR><iframe width="560" height="315" src="https://www.youtube.com/embed/XhE3N6-oFeM?rel=0" frameborder="0" allowfullscreen></iframe>||||||||1|||1|http://presta6.newogonek.ru/images/фок.jpg|1|Фасовка:уп.:1||new||||2|1^4^5^6|1|1|
60|1|Факел огн. синий|17^95|600.00|0|600.00||||||ФОС|ФОС|1|7|4|1|18||||||19.600000|3.500000|3.500000|0.166667||1|||0|1|4|за 1 шт.|уп.|5000|синий огонь|синий огонь<br><BR><iframe width="560" height="315" src="https://www.youtube.com/embed/uYJxvin1A7Y?rel=0" frameborder="0" allowfullscreen></iframe>||||||||1|||1|http://presta6.newogonek.ru/images/фос.jpg|1|Фасовка:уп.:1||new||||2|1^4^5^6|1|1|
