id_product;reference;r1;r2;r3;rname;rtor
16;2170;1;1;4;Волшебн. фонарь;1
17;2402;1;1;36;Звёздная пыль;1
18;2406;1;1;6;Дракон;1
19;2408;1;1;6;Помп. бластер;1
20;2410;1;1;8;Молния;1
21;2412;1;1;20;Весёлая карусель;1
22;2415;1;1;6;Весёлый проныра;1
24;2451;1;1;4;Огненая фантазия;1
70;DF701010048;1;1;4;Зимняя сказка;1
71;DF701012020;1;1;6;Праздник жизни;1
72;DF701012100;1;1;1;Свадебный салют;1
73;DF701015025;1;1;4;С Новым Годом!;1
78;DF702015050;1;1;2;Совет да любовь;1
92;F11049;5;10;8;Matabrujas;10
111;K00203;100;1;50;Ахтунг;1
115;K00204;12;12;16;Ахтунг;12
116;K00208;3;1;100;Ахтунг;1
119;K0202-1;20;10;50;Петарды;10
120;K0202-2;20;10;50;Петарды;10
121;K0204CE;12;12;16;Петарды;12
122;R0445;12;12;20;Свистульки;12
123;R09012;1;1;15;Миномёт;1
127;S01002;12;1;72;Crazy robot;12
130;TKF358;4;1;160;Торт. свечи 12 см;1
131;TKF361;4;1;160;Торт. свечи 10 см;1
133;TXB021;1;1;4;Tourbillion;1
134;TXB022;1;1;4;37 Frankee;1
135;TXB038;1;1;9;GOLDEN WATERFALL;1
136;TXB039;1;1;6;ENDURO;1
138;TXB045;1;1;18;SANSATION;1
140;TXB070;1;1;12;PLUS+;1
141;TXB071;1;1;12;DARK AGE;1
142;TXB073;1;1;8;Champion;1
146;TXB093;1;1;6;ROYAL;1
148;TXB132;1;1;60;КАТЮША (50);1
149;TXB133;1;1;30;КАТЮША (100);1
150;TXB171;1;1;18;TREE COLOURS;1
151;TXB172;1;1;12;COCO;1
152;TXB173;1;1;8;NIGHT AURA;1
153;TXB174;1;1;15;LILY MAGNOLIA;1
154;TXB189;1;1;4;TURBO BOX;1
156;TXB205;1;1;12;RAINBOW;1
157;TXB206;1;1;24;PURPLE TAIL;1
160;TXB216;1;1;12;CANCER;1
165;TXB271;1;1;15;Миномёт 8 ш.;1
166;TXB280C;1;1;12;BATTLEFIELD;1
168;TXB284;1;1;12;Paris;1
169;TXB293;4;1;40;КАТЮША (16);4
172;TXB315;1;1;12;IMPACT;1
173;TXB316;1;1;12;APRIL;1
175;TXB389;1;1;12;SILVER DRAGON;1
176;TXB394;1;1;6;PASSAT;1
177;TXB422;1;1;40;LITTLE PALM TREE;1
179;TXB462;1;1;48;RED PEONY;1
181;TXB497;1;1;12;HAPPY HOLIDAY;1
182;TXB498;1;1;36;MAGIC KEY;1
183;TXB561;1;1;12;JULY;1
186;TXB565;1;1;12;DECEMBER;1
187;TXB592;1;1;6;MULTI BROCADE;1
188;TXB603;1;1;36;THE MAGIC KEY;1
190;TXB644;1;1;12;COLOR PEONY;1
192;TXB646;1;1;18;MEADOW;1
196;TXB662;1;1;96;Ballet;1
197;TXB664;1;1;6;WEDNESDAY;1
199;TXB667;1;1;6;Saturday;1
205;TXB756;1;1;6;X-EMOTION;1
208;TXB801;1;1;6;TRANDY;1
211;TXB821;1;1;48;YELLOW PURPLE;1
212;TXB826;1;1;18;MAGIA NOCY;1
213;TXB827;1;1;18;PANORAMA;1
214;TXB828;1;1;12;DOTYK PRZYGODY;1
215;TXB849;1;1;6;X-TRANS;1
219;TXB906;1;1;4;CRAZY BOX;1
220;TXB908;1;1;4;HIT BOX;1
223;TXC419;2;1;48;Kalejdoskop;2
224;TXC494;12;1;40;Римская свеча-10;12
225;TXC495;12;1;40;Римская свеча-15;12
227;TXC842;6;1;40;Rafa;6
229;TXC861;2;1;30;Римская свеча;2
232;TXD484;6;12;20;Жуки с разрывом;12
238;TXF359;4;1;72;Торт. свечи 25 см;1
240;TXF426;10;1;500;Бенг. свечи 17 см;1
243;TXF637;6;1;80;Торт. свечи 18 см;1
246;TXF748-А;10;1;200;Бенг. свечи 28 см;1
249;TXF837;6;1;20;Hekla;6
250;TXF838;2;1;9;Ararat;2
251;TXM434;1;1;10;Миномёт 6 ш.;1
253;TXP001;5;1;48;Ахтунг;1
254;TXP066;5;1;32;Динамит;1
257;TXP082;50;50;6;Душки;50
258;TXP226;10;10;20;Gorilla bomb;10
260;TXP384;20;1;60;Трескучий гром;1
262;TXP485;36;1;40;Grom 2;1
265;TXP786;6;12;16;Зеленые шарики;12
269;TXR141;9;1;10;Big whale 3;9
270;TXR371;12;1;48;Orion;1
272;TXR606;6;1;24;Assortment;6
287;YHW009;1;1;6;SONG;1
329;А7515;1;1;2;Затерянный мир;1
332;А7528;1;1;2;Ночной Дозор;1
334;А7600;1;1;1;Снежный Вальс;1
335;А7605;1;1;1;Третий Рим;1
336;А7606;1;1;1;Колизей;1
337;А7607;1;1;1;Обручал. кольца;1
339;А7609;1;1;1;Хозяин Тайги;1
340;А7610;1;1;1;Золотая серия 100;1
341;А7611;1;1;1;Дикая орхидея;1
342;А7612;1;1;1;Жемчужные волны;1
343;А7613;1;1;1;В гостях у сказки;1
344;А7616;1;1;1;Новогод. Карусель;1
345;А7617;1;1;1;Карнавальная ночь;1
346;А7618;1;1;1;Поле Чудес;1
347;А7619;1;1;1;Малиновые сны;1
351;А7623;1;1;1;Эксклюзив;1
352;А7642;1;1;1;Москва Златоглав.;1
354;А7644;1;1;1;Ромео и Джульетта;1
356;А7667;1;1;1;Вечерний звон;1
357;А7668;1;1;1;Подмосков. вечера;1
374;БСП0530012;1;1;1;Зевс;1
387;Е-С215;1;1;24;Будем!;0
391;Е-С226;1;1;24;Ха-ра-шо!;1
399;Е-С268;1;1;12;Новогод;0
407;Е-С350;1;1;4;Роял де Люкс;1
414;Е-С440;1;1;12;Полный песец;1
418;Е-С463;1;1;12;Есть контакт!;1
422;Е-С535;1;1;3;Разбуди соседей! ;0
429;Е-С650;1;1;8;Новогодн. Шумиха;1
432;Е-С680;1;1;4;По-нашему!;1
497;ЕС217;1;1;1;ПироАрт;1
504;ЕС300;1;1;1;Рублевский;1
505;ЕС301;1;1;1;Профессионал;1
508;ЕС304;1;1;1;Пояс Ориона;1
511;ЕС307;1;1;1;Бум Бокс;1
512;ЕС308;1;1;1;Барвиха;1
516;ЕС315;1;1;1;Прототип;1
526;Р1030;6;12;16;Хлопающие шары;12
527;Р1040;60;1;24;Связка-16;60
528;Р1050;12;1;60;Лимонка с чекой;12
529;Р1060;6;1;50;Бомба с чекой;6
530;Р1080;12;1;160;Корсар 8 мини;1
531;Р1082;3;1;100;Корсар 8;3
532;Р1084;3;1;100;Мега К;3
533;Р1090;6;1;36;Граната;6
534;Р1106;60;12;20;Корсар-1;12
535;Р1202;20;15;25;Корсар 2;15
536;Р1301;10;10;50;Корсар-3;10
538;Р1400;12;12;16;Корсар 4;12
542;Р1600;6;1;100;Корсар 6;1
545;Р1750;4;1;18;Факел дым. кр.;4
546;Р1751;4;1;18;Факел дым. с.;4
547;Р1752;4;1;18;Факел дым. б.;4
548;Р1753;4;1;18;Факел дым. з.;4
555;Р2010;12;12;25;Пугач;12
559;Р2300;6;1;72;Ассорти;6
569;Р2440;4;1;60;Ястреб;4
576;Р2600;4;1;24;Метеор;4
581;Р3010;12;10;30;Огненные пчёлы;10
582;Р3020;12;10;16;Весенняя бабочка;120
583;Р3100;6;1;36;Солнечный цветок;6
584;Р3110;6;1;120;Лунный цветок;6
585;Р3200;4;1;250;Акробат;4
587;Р3520;6;12;20;Веселый жук;12
588;Р3530;6;12;20;Супер жук;12
596;Р4066;4;1;12;Звёздная пыль;4
598;Р4070;4;1;18;Мир фэнтези;4
603;Р4110;2;1;10;Золотой вулкан;2
606;Р4114;2;1;10;Весёлый вулкан;2
607;Р4115;2;1;10;Волшебн. вулкан;2
610;Р4120;1;1;12;Царский;1
613;Р4206;4;1;72;Арабская ночь;4
614;Р4210;4;1;36;Театр кукол;4
615;Р4213;1;1;72;Чародей;1
621;Р4350;1;1;24;3Д-Ёлка;1
643;Р4810;4;20;12;Настольн. фонтан;20
649;Р4830;10;12;24;Искорка;0
650;Р4840;10;10;10;Бенг св. Феникс;0
664;Р5510;4;1;20;Пантера;4
665;Р5512;4;1;20;Гепард;4
667;Р5516;4;1;20;Барракуда;4
670;Р5540;2;1;24;Фантазия;2
671;Р5541;2;1;24;Хохлома;2
672;Р5542;2;1;24;Ламбада;0
683;Р5602;2;1;24;Стрелец;2
684;Р5604;2;1;24;Баккара;2
685;Р5606;2;1;24;Примадонна;2
693;Р5720;1;1;30;Магнолия;1
696;Р5726;1;1;30;Хризантема;1
701;Р5800;1;1;18;Альтаир;1
704;Р5950;1;1;20;Зенитка;0
707;Р6210;1;1;15;Матрёшка;1
709;Р6260;1;1;12;БомбардирЪ;1
714;Р6290;1;1;6;Салют наций;1
715;Р6720;1;1;40;Салют-проказник;1
717;Р6780;1;1;16;Торт с сюрпризом;1
719;Р6820;1;1;4;Светомузыка;1
720;Р7010;1;1;36;Ананас;1
723;Р7040;4;1;12;Пли - 37;4
725;Р7045;1;1;24;Бинго;1
729;Р7064;1;1;24;Фиеста;1
730;Р7065;1;1;24;Морозушко;1
732;Р7071;1;1;24;Мороз трескучий;1
733;Р7072;1;1;24;Банзай;1
734;Р7130;1;1;50;Тролль;1
737;Р7150;1;1;24;Мулен Руж;1
739;Р7160;1;1;24;Сивка-Бурка;1
740;Р7165;1;1;24;Джокер;0
741;Р7200;1;1;24;Текила-бум;1
742;Р7205;1;1;24;Иван-Царевич;0
743;Р7210;1;1;24;Ёлка с огоньком;1
744;Р7212;1;1;18;Снеговой;1
746;Р7215;1;1;16;С днём рождения!;1
747;Р7220;1;1;16;Русский сувенир;0
751;Р7300;1;1;18;Бубль-гум;1
752;Р7302;1;1;16;Жар-птица;1
753;Р7311;1;1;24;Сорвиголова;1
754;Р7312;1;1;18;Сказки Пушкина;1
759;Р7321;1;1;12;Балалайка;1
761;Р7324;1;1;8;Зимние гонки;1
762;Р7325;1;1;8;Пламенный привет;1
763;Р7326;1;1;4;Краски жизни;1
764;Р7328;1;1;4;Новог. приключ.;1
766;Р7333;1;1;4;Дари радость!;1
768;Р7340;1;1;4;Новог. экспресс;1
771;Р7342;1;1;12;Встречайте;1
773;Р7350;1;1;18;Снежная королева;1
776;Р7360;1;1;8;12 месяцев;1
782;Р7453;1;1;18;Мандаринка;1
783;Р7456;1;1;24;Двое из ларца;1
784;Р7460;1;1;12;Крутые перцы;1
785;Р7462;1;1;12;Калинка-малинка;1
786;Р7463;1;1;12;Диковинка;1
791;Р7468;1;1;12;Капитан Морган;1
792;Р7471;1;1;12;Zorro;1
794;Р7473;1;1;12;Павлин;1
796;Р7482;1;1;18;Час Пик;1
798;Р7486;1;1;12;Запах хвои;1
800;Р7491;1;1;12;Пять звёзд;1
803;Р7494;1;1;9;Снежная сказка;1
806;Р7500;1;1;8;Амигос;1
807;Р7502;1;1;6;Мороз-Красн. нос;1
808;Р7511;1;1;8;Комбат;1
810;Р7513;1;1;4;Амазонка;1
818;Р7528;1;1;8;Пальцы веером;1
828;Р7545;1;1;1;Севастополь;1
834;Р7556;1;1;12;Барабанщица;1
837;Р7563;1;1;8;Красный старт;0
838;Р7564;1;1;8;С Новым годом!;1
844;Р7591;1;1;8;С Рождеством!;1
845;Р7592;1;1;8;Калаш;1
846;Р7593;1;1;8;У Дачи;1
851;Р7612;1;1;8;Три медведя;1
855;Р7690;1;1;8;Провокация;1
857;Р7700;1;1;4;Дедушка Мороз;1
858;Р7750;1;1;4;Мустанг;1
862;Р7808;1;1;4;Суперхит;1
864;Р7812;1;1;4;За ВДВ!;1
869;Р7822;1;1;3;Волш. фейерверк;1
876;Р7832;1;1;4;Новогод. каникулы;1
880;Р7844;1;1;4;Ветер перемен;1
908;Р7926;1;1;2;Босс;1
909;Р7951;1;1;2;Сказка;1
913;Р7956;1;1;1;Король солнце;1
935;Р8272;1;1;1;Птица-тройка;1
947;Р8315;1;1;1;Русский размах;1
963;Р8452;1;1;1;Дерзкая роскошь;1
965;Р8463;1;1;2;Флагман;1
967;Р8470;1;1;1;Салют в бол. гор.;1
986;Р8605;1;1;1;Профессионал;1
1003;Р8700;1;1;2;Гладиатор;1
1018;Р9020;1;1;192;Пруж. хлопушка;1
1022;Р9033;1;1;72;Свадебная-30м;1
1025;Р9060;1;1;36;Праздничная-60д;1
1027;Р9062;1;1;36;Свадебная-60б;1
1028;Р9063;1;1;36;Свадебная-60м;1
1029;Р9064;1;1;36;Праздничная-60д;1
1030;Р9100;1;1;36;Праздничная-100;1
1083;РС018;12;20;30;Корсар Моргана 1;20
1084;РС020;20;12;60;Корсар-1;0
1085;РС021;60;12;20;Корсар-1;0
1088;РС024;12;12;16;Корсар-4;0
1089;РС025;12;12;16;Корсар-4 ассорти;0
1090;РС026;6;1;50;Корсар-6 ;0
1091;РС027;6;1;50;Корсар-6 ассорти;0
1092;РС106;2;1;120;Гремучая змея;0
1093;РС107;6;12;24;Огненная юла;12
1094;РС108;12;1;80;Огневушка;12
1095;РС109;4;6;18;Мега-Супер-ЖУК;24
1096;РС110;3;1;48;Джамбо;3
1097;РС111;7;1;8;Супер-Джамбо;0
1098;РС121;60;12;20;Корсар-1;12
1099;РС122;12;10;42;Корсар-3;0
1100;РС123;12;10;42;Корсар-3;12
1102;РС126;6;1;48;Корсар-6 ассорти;0
1103;РС128;3;1;100;Корсар-8;0
1104;РС130;12;24;24;Пикарда;24
1105;РС131;10;10;32;Пуля-дура;10
1106;РС132;5;1;40;Бронебойная;5
1107;РС133;50;1;100;Бомбейка;1
1109;РС137;4;1;36;Граната РГД;4
1110;РС138;6;1;50;Гран. противопех.;0
1111;РС140;12;10;24;Дикие пчёлы;10
1114;РС142;12;1;60;Волшеб. мотылёк;12
1115;РС144;6;1;36;Майский жук;6
1117;РС148;2;1;40;Божья корвка;2
1118;РС149;4;1;40;Кор. пришельцев;4
1124;РС170;1;1;24;Резервная валюта;1
1125;РС171;1;1;12;Зашибись;1
1126;РС172;1;1;12;Лакшери;0
1127;РС174;1;1;4;ПироM и пироW;1
1132;РС220;6;1;72;Ариэль набор;6
1133;РС230;6;1;24;Феникс набор;1
1134;РС231;5;1;20;Пегас набор;0
1135;РС240;4;1;16;Сириус набор;4
1137;РС245;3;1;12;Земля - воздух;0
1138;РС250;2;1;12;Андромеда набор;2
1139;РС251;1;1;24;Сверхновая;1
1144;РС345;5;1;72;Фонт. Цвет. дым;5
1146;РС347;4;1;24;Факел Цвет. дым;4
1179;РС455;1;1;12;Коварная Мэри;1
1180;РС456;1;1;12;Тумба-юмба;1
1183;РС459;1;1;12;Боровик;1
1185;РС461;4;1;10;Бурный Везувий;4
1186;РС462;1;1;12;Фудзияма;2
1187;РС463;1;1;12;Чумовой Кракатау;1
1188;РС470;4;1;24;Балет;4
1189;РС471;1;1;12;Цветок папоротн.;1
1191;РС473;1;1;32;Снеговик;1
1192;РС474;1;1;48;Чудо-Юдо;1
1193;РС475;1;1;4;Ночные бабочки;1
1194;РС476;1;1;4;Огненный букет;1
1196;РС478;1;1;24;Мир для двоих;1
1197;РС479;1;1;8;Шапка Мономаха;1
1198;РС480;1;1;72;Анютины глазки;1
1199;РС481;1;1;72;Вася-василек;1
1202;РС484;1;1;8;Снежный человек;1
1207;РС492;1;1;8;Дружба народов;1
1208;РС494;1;1;4;Сапф. и брилл.;1
1209;РС500;2;1;36;Танец  огня;2
1210;РС501;2;1;36;Фуэтэ;2
1211;РС502;2;1;36;Танец на льду;2
1212;РС503;2;1;36;Болеро;2
1216;РС507;2;1;36;На абордаж;2
1217;РС508;2;1;36;Дамский каприз;2
1220;РС511;4;1;18;Звёзды и изумруд.;0
1222;РС513;2;1;36;Поцелуй снежинки;2
1223;РС514;4;1;24;Ледяное сердце;4
1224;РС515;2;1;36;Малиновый звон;2
1225;РС516;2;1;24;Зимняя сказка;2
1226;РС517;2;1;24;Вишнёвое варенье;2
1227;РС518;2;1;24;Мороз и солнце;2
1228;РС519;2;1;24;Снежный вальс;2
1229;РС520;2;1;36;Новогодний оливье;2
1230;РС521;2;1;36;Мишура на ура;2
1231;РС522;2;1;24;Елочки-иголочки;2
1234;РС530;1;1;36;Новог-й калейдоск.;1
1235;РС531;1;1;36;Снеговик-затейник;1
1236;РС532;1;1;36;Золотая рыбка;1
1237;РС533;1;1;36;Мир фиалок;1
1238;РС534;1;1;36;Стрелы Купидона;1
1239;РС535;1;1;36;ПироКалаш;1
1240;РС540;1;1;25;Магия огня;1
1241;РС541;1;1;25;Биение сердец;1
1242;РС542;1;1;25;Праздник ёлки;1
1243;РС550;4;1;42;Снежинки;4
1244;РС551;4;1;42;Смайлики;4
1245;РС552;2;1;36;Яркое удовольст.;2
1246;РС553;4;1;24;Млечный путь;2
1247;РС554;2;1;24;Зимние потешки;2
1248;РС565;4;1;24;Тирамису;0
1249;РС566;4;1;24;Шоколадка;4
1262;РС604;1;1;24;Йоулупукки;1
1263;РС605;1;1;24;Ритм жизни;1
1264;РС606;1;1;24;Фейерверк на р-не;1
1266;РС608;1;1;24;Всегда готов!;1
1268;РС610;1;1;16;Даёшь молодёжь!;1
1269;РС611;1;1;18;Мальчишник;1
1271;РС613;1;1;16;Шаляй-Валяй;1
1272;РС614;1;1;16;Юный Дедмороз.;1
1273;РС615;1;1;16;С новым счастьем!;1
1275;РС616;1;1;24;Маугли;1
1278;РС620;1;1;12;Радость общения;1
1279;РС621;1;1;8;Столичные дворики;1
1280;РС622;1;1;12;Сугробы смеха;1
1281;РС623;1;1;6;Гламур и богема;1
1283;РС625;1;1;12;3Д: Озеро Рица;1
1285;РС627;1;1;8;3Д: Свящ. Байкал;1
1287;РС629;1;1;8;"3Д: Верные друзья (0,8""х 48) МОДУЛЬ";1
1288;РС640;1;1;8;Бриллиант.й блеск;1
1295;РС657;1;1;4;Лек-во от меланхол;1
1297;РС659;1;1;4;Небесная феерия;1
1307;РС680;1;1;15;Неваляшка;1
1309;РС682;1;1;12;Звёзды дискотек;1
1311;РС684;1;1;12;Двухдюймовочка;1
1313;РС686;1;1;12;Тики-така;1
1318;РС692;1;1;24;Парадиз;1
1324;РС702;1;1;24;Ура! Каникулы!;1
1325;РС703;1;1;16;Одноклассники!;1
1326;РС704;1;1;16;Северное сияние;1
1327;РС705;1;1;18;Счастье моё...;1
1328;РС706;1;1;18;Сказочный  сон;1
1329;РС707;1;1;18;Для милых дам;1
1337;РС715;1;1;8;Юниор;1
1338;РС716;1;1;12;Зимний праздник;1
1339;РС717;1;1;8;Овертайм;1
1341;РС719;1;1;8;Мужичок-Снегович.;1
1342;РС720;1;1;8;Хохлома;1
1344;РС722;1;1;8;"Жемчужное сияние  (1,0""х 25) МОДУЛЬ";1
1345;РС723;1;1;8;Искристая сказка;1
1347;РС725;1;1;8;Жизнь удалась!;1
1348;РС726;1;1;8;Сказочный лес;1
1349;РС727;1;1;8;Каменные джунгли;1
1350;РС728;1;1;8;Гуляй, пока молод.;0
1358;РС741;1;1;8;Старый Новый год;1
1359;РС742;1;1;6;Ледяные узоры;1
1360;РС743;1;1;8;Новогодн. сюрприз;1
1376;РС781;1;1;2;Сто в одном;1
1390;РС801;1;1;8;Экзотич. коктейль;1
1394;РС805;1;1;12;Ночное рандеву;1
1395;РС806;1;1;12;Медовый месяц;1
1396;РС807;1;1;8;Кремлёв. куранты;1
1397;РС808;1;1;8;В день рождения;1
1398;РС809;1;1;8;Разноцв. снежинки;1
1399;РС810;1;1;8;С Новым Годом!;1
1400;РС811;1;1;8;Круче не бывает!;1
1406;РС818;1;1;8;Подарок от Д. М.;1
1407;РС819;1;1;8;Салют молодежи!;1
1409;РС821;1;1;4;Древо желаний;1
1410;РС822;1;1;4;8-ое чудо света;1
1412;РС824;1;1;8;Симфония огня;1
1413;РС825;1;1;4;Обыкновен. чудо;1
1416;РС828;1;1;4;Садко;1
1419;РС831;1;1;6;Новог. фантазии ;1
1424;РС836;1;1;4;ВКС;1
1425;РС837;1;1;2;ФСБ;1
1428;РС840;1;1;4;Малахит. шкатулка;1
1449;РС871;1;1;1;Брутальный;1
1468;РС890;1;1;1;СССР;1
1476;РС900;1;1;4;Народный;1
1477;РС901;1;1;1;Юбилейный - 50;1
1488;РС912;1;1;1;Новогоднее настр.;1
1492;РС916;1;1;1;Красная поляна;1
1517;РТ210;1;1;25;Любим.принцессе;1
1518;РТ211;1;1;25;Люб. футболисту;1
1521;РТ303;1;1;72;Свет. Романтика;1
1523;РТ305;1;1;72;Свеча Лотос;1
1526;РФ103;1;1;250;Н.фонарик Сердце;1
1537;С059;1;1;2;Мульт. Фейерверк;1
1540;С066;1;1;2;Сокровище Пират.;1
1559;СРС005;1;1;1;Professional-150;1
1563;ТР104;1;1;116;Хлопушка;1
1565;ТР107;3;1;150;Хлопушка;3
1566;ТР108;3;1;150;Хлопушка;3
1567;ТР109;1;1;116;Хлопушка;1
1568;ТР110;1;1;116;Хлопушка;1
1569;ТР111;12;1;20;Знаки Зодиака;12
1570;ТР112;12;1;20;Весёлая тусовка;12
1572;ТР114;1;1;308;Супер Гранд;1
1573;ТР115;1;1;120;Макси Гигант;1
1574;ТР151;3;1;50;Бенг. свечи 400;1
1575;ТР152;3;1;44;Бенг. свечи 350;1
1576;ТР153;3;1;50;Бенг. свечи 350;1
1577;ТР154;3;1;20;Бенг. свечи 600;1
1578;ТР155;6;1;200;Бенг. свечи 170;1
1579;ТР156;6;1;200;Бенг. свечи 210;1
1580;ТР157;6;1;200;Бенг. свечи 170э;1
1581;ТР158;6;1;200;Бенг. свечи 170с;1
1583;ТР160;6;1;200;Бенг. свечи 210с;1
1584;ТР161;2;1;100;Звездочка;1
1585;ТР162;2;1;100;Сердечко;1
1586;ТР163;2;1;100;Елочка;1
1587;ТР164;5;1;120;Свиристель;1
1590;ТР705;2;1;50;Пистоль;2
1592;ТР707;3;1;70;Букетик;3
1593;ТР708;3;1;70;ZOOпарк;3
1594;ТР709;2;1;70;Супер букетик;2
1595;ТС610;1;1;24;Золотая рыбка;1
1596;ТС620;1;1;24;Снеговичок;1
1597;ТС630;1;1;16;Конек-Горбунок;1
1598;ТС641;1;1;18;Снежинки и смеш.;1
1599;ТС642;1;1;16;Снегири;1
1600;ТС643;1;1;12;Снегопарни;1
1602;ТС652;1;1;12;Цветущая сакура;1
1603;ТС653;1;1;12;Дед Мазай;1
1604;ТС661;1;1;8;Страна чудес;1
1605;ТС662;1;1;8;Ледовые забавы;1
1606;ТС671;1;1;4;Хоровод на НГ;1
1607;ТС681;1;1;4;Русская тройка;1
1608;ТС682;1;1;4;Рождественский;1
1610;ТС710;1;1;12;Огненный дракон;1
1611;ТС720;1;1;12;Мурзик и Барсик;1
1616;ТС730;1;1;18;Зимние узоры;1
1617;ТС741;1;1;12;Новогодний;1
1618;ТС742;1;1;12;С Новым годом!;1
1620;ТС752;1;1;8;В тренде…;1
1621;ТС761;1;1;4;Пульс планеты;1
1628;ТС831;1;1;6;Брызги шампанск.;1
1629;ТС832;1;1;6;Хвоя и мандарины;1
1630;ТС841;1;1;6;Коктебель;1
1631;ТС842;1;1;4;Южное лето;1
1632;ТС851;1;1;4;Огни Сибири;1
1634;ТС861;1;1;4;Новогодняя сказка;1
1638;ФДЖ;4;1;18;Факел дым. ж.;4
1641;ФДО;4;1;18;Факел дым. о.;4
1642;ФДС;4;1;18;Факел дым. с.;4
1643;ФОЖ;4;1;18;Факел огн. ж.;4
1645;ФОК;4;1;18;Факел огн. к.;4
1646;ФОС;4;1;18;Факел огн. с.;4
1647;брил40бел;1;1;40;Н.фонарик Брилл.;1
1656;овал31бел;1;1;40;Н.фонарик Овал;1
1672;цил40бел;1;1;40;Н.фонарик Цилин.;1
1673;;0;0;0;;0
1674;K0201;60;10;24;Super warrior;0
1675;P1005;10;10;20;Happy boom;0
1676;GWL-0010;4;1;24;Roman candle;4
1677;SF-398A;1;1;36;Roman candle;1
1678;SF-398В;1;1;36;Roman candle;1
1679;GWL-0012A;1;1;24;Roman candle;1
1680;GW218-91;1;1;36;Dark worlock;1
1681;GW218-92;1;1;36;Dark worlock;1
1682;GW218-97;1;1;30;Sky sity;1
1683;GP497/2;1;1;24;We are the night;1
1684;GP493;1;1;18;Word;1
1685;GP498;1;1;12;Dream;1
1686;GP498/2;1;1;12;Sofia;1
1687;MC107;1;1;12;Show;1
1688;МС134;1;1;4;Wind;1
1689;GW218-74;1;1;18;Red pion;1
1690;GP475;1;1;12;Angry tiger;1
1691;GP550;1;1;24;Golden coco;1
1692;GP510;1;1;12;Wond. perfomanse;1
1693;GWM5033;1;1;8;Deep yellow;1
1694;MC098;1;1;4;Speed;1
1695;SB-13-02;1;1;10;Splendid;1
1696;SB-19-03;1;1;8;Love of green;1
1697;SB-25-03;1;1;4;Big sure;1
1698;С039;1;1;4;Русский сувенир;1
1699;С068;1;1;2;Салют Победы;1
1700;D7702;1;1;4;Cлезы ангела;1
1701;D7900;1;1;4;Сочельник;1
1702;D7982;1;1;2;Звездная россыпь;1
1703;D8330;1;1;2;Калейдоскоп;1
1704;БСП0510012;1;1;4;Свадебный букет;1
1705;БСП0610012;1;1;4;Остров Пасхи;1
1706;БСП0130008;1;1;4;Галантный век;1
1707;БСП0230010;1;1;4;Испаньола;1
1708;БСП0204918;1;1;4;Танжер;1
1709;БСР0203008-12;1;1;4;Альбатрос;1
1710;БСР0306808-12;1;1;1;Ирбис;1
1711;БСК0108110;1;1;1;Крестоносец;1
1712;БСК0104608-10-12;1;1;1;Экскалибур;1
1713;А7300;1;1;4;Галактика 25;1
1714;А7309;1;1;4;Озеро Титикака;1
1715;А7310;1;1;4;Золотая серия 25;1
1716;А7312;1;1;4;Зимний сад;1
1717;А7313;1;1;4;Рог Изобилия;1
1718;А7314;1;1;4;Голубой Огонек;1
1719;А7381;1;1;4;Фестиваль;1
1720;А7382;1;1;4;Мир салютов;1
1721;А7383;1;1;6;Новый год;1
1722;А7408;1;1;4;Любит не Любит;1
1723;А7424;1;1;4;Ящик пандорры;1
1724;C080;1;1;1;Снегурочка;1
1725;А7433;1;1;4;Брызги шампанск.;1
1726;А7437;1;1;4;Война миров;1
1727;А7504;1;1;2;С Новым годом!;1
1728;А7506;1;1;2;Мороз красный нос;1
1729;А7508;1;1;2;Пагода;1
1730;А7515;1;1;2;Затерянный мир;1
1731;А7519;1;1;2;Патриот;1
1732;А7535;1;1;2;Новог. вечеринка;1
1733;А7600;1;1;1;Снежный Вальс;1
1734;А7602;1;1;1;Медуза Горгона;1
1735;А7616;1;1;1;Новог. карусель ;1
1736;А7617;1;1;1;Карнавальная ночь;1
1737;А7618;1;1;1;Поле Чудес;1
1738;СК475;1;1;1;Чикаго;1
1739;СК537;1;1;4;Зимняя симфония;1
1740;СА470;1;1;1;Амстердам;1
1741;СА625;1;1;4;Не дет. игрушка;1
1742;ЕС550;1;1;2;Всё в порядке!;1
1743;ЕС650;1;1;8;Новогод. шумиха;1
1744;ЕС662;1;1;4;Суперстар;1
1745;ЕС760;1;1;1;Счастливая планет;1
1746;ЕС768;1;1;1;Стольник;1
1747;DF 703012025;1;1;4;Русская красавица;1
1748;DF 702012025;1;1;4;Звезды декабря;1
1749;DF 701012036;1;1;4;Жить хорошо;1
1750;DF 701012049;1;1;4;Ирония Судьбы;1
1751;DF 703012049;1;1;4;Жаркое танго;1
1752;DF 701012019;1;1;6;Клеопатра;1
1753;DF 702012019;1;1;6;Час потехи;1
1754;DF 702012100;1;1;1;Карнавальная ночь;1
1755;DF 702012036;1;1;4;Космос;1
1756;EC170;1;1;4;Разгони бабулек;1
1757;EC201;1;1;4;РуСалют;1
1758;EC215;1;1;2;Нью - Йорк;1
1759;EC230;1;1;2;Заводной апельс.;1
1760;EC232;1;1;4;Светофор;1
1761;EC234;1;1;2;Эйфория;1
1762;EC236;1;1;4;Рождеств. сюрприз;1
1763;EC240;1;1;4;Сюрпиз для тещи;1
1764;EC331;1;1;1;Жизнь удалась;1
1765;РК8029;1;1;1;Бессоница;1
1766;РК8030;1;1;1;Неудержимый;1
1767;РК8102;1;1;8;Звездные войны;1
1768;РК8103;1;1;8;Призрачный лес;1
1769;РК8104;1;1;8;Казино;1
1770;РК8105;1;1;8;Земля в иллюм.;1
1771;РК8201;1;1;4;Паззл;1
1772;РК8301;1;1;4;Драгон;1
1773;РК8302;1;1;4;Кот/орёл;1
1774;РК8303;1;1;4;Красочный;1
1775;РК8305;1;1;4;Русская мощь;1
1776;РК8401;1;1;4;Вулкан;1
1777;РК8402;1;1;4;Шаман;1
1778;РК8407;1;1;4;Небо в алмазах;1
1779;РК8408;1;1;2;Дубль;1
1780;PRO105-2;1;1;1;Валькирия;1
1781;PRO107-1;1;1;1;Иллюзия;1
1782;PRO108;1;1;1;Иллюзия;1
1783;2170;1;1;4;Волшеб. фонарь;1
1784;ЕC238;1;1;4;Отдыхаем Хорошо;1
1785;Р7362;1;1;1;Новый год шагает;1
1786;Р7380;1;1;1;Лучший день!;1
1787;РК048;1;1;1;Зимушка - Зима;1
1788;РК050;1;1;1;Гуляй, Страна;1
1789;СВ230;1;1;1;Цепная реакция;1
1790;Р7525;1;1;4;Сказка на ночь;1
1791;Р7534;1;1;1;Великолепный век;1
1792;Р7536;1;1;1;Корпоративка;1
1793;Р7533;1;1;1;Экспедиция;1
1794;Р7541;1;1;1;Продолжен. будет;1
1795;Р7512;1;1;1;Оранжевое небо;1
1796;Р7543;1;1;1;Гвардейский салют;1
1797;Р7846;1;1;4;Чистое золото;1
1798;Р7921;1;1;4;КГБ;1
1799;Р7957;1;1;2;Блестящий век;1
1800;Р7961;1;1;2;Новогод. настроение;1
1801;Р7990;1;1;2;Парк Развлечений;1
1802;Р8030;1;1;1;Премьера;1
1803;Р8460;1;1;1;Папа может;1
1804;Р8478;1;1;1;Яркое зрелище;1
1805;Р8490;1;1;1;Высший класс;1
1806;Р8595;1;1;1;Бородино;1
1807;Р8630;1;1;2;Разгуляй;1
1808;Р8637;1;1;1;Гаубица;1
1809;Р8650;1;1;1;Светопреставление;1
1810;Р8715;1;1;2;Русский Новый Год;1
1811;Р8764;1;1;2;Кузькина Мать;1
1812;Р8770;1;1;2;Высокий статус;1
1813;Р8641;1;1;1;Громовержец;1
1814;Р8790;1;1;1;Московская ночь;1
1815;Р8160;1;1;2;Жаркая Ibiza;1
1816;Р8275;1;1;1;Новогод. ярмарка;1
1817;Р8288;1;1;1;Нашествие;1
1818;Р8301;1;1;1;Карнавальная ночь;1
1819;Р8320;1;1;1;Эксклюзив;1
1820;Р8323;1;1;1;От заката до рассв.;1
1821;Р8370;1;1;1;Элитный;1
1822;Р8380;1;1;1;Золотой резерв;1
1823;D1101;60;12;20;Корсар-1;12
1824;D1303;20;10;25;Царский Корсар 3;10
1825;D1505;6;24;12;Царский Корсар 5;24
1826;D1801;6;1;50;Царский Корсар 6;1
1827;D3012;12;1;60;Бабочка средняя;12
1828;D5080;12;1;36;Римская свеча 30;12
1829;D7010;1;1;36;Семицветик;1
1830;D7012;1;1;48;Миньоны;1
1831;D7042;1;1;1;Путеводная звезда;1
1833;D7162;1;1;18;Садко;1
1834;D7164;1;1;24;Полнолуние;1
1835;D7280;1;1;12;Праздн. фантазия;1
1836;D7282;1;1;16;Матрешка ;1
1837;D7368;1;1;8;Чёртова дюжина;1
1838;D7398;1;1;16;Савух;1
1839;D7402;1;1;12;Новогодний салют;1
1840;D7550;1;1;8;Веселый салют;1
1841;D7968;1;1;8;Аватар ;1
1842;D7972;1;1;4;Дары Афродиты;1
1843;D8340;1;1;2;С Новым годом;1
1844;D8546;1;1;4;Волшебный;1
1845;D7082;1;1;20;Госпожа метелица;1
1846;P7012;1;1;12;Золотой фазан;1
1847;Р4320;1;1;24;Шахерезада;1
1848;Р4512;1;1;12;Золотой скарабей;1
1849;P4775;1;1;4;С Днем рождения!;1
1850;Р5300;4;1;36;Вьюга;4
1851;Р5310;4;1;36;Сакура;4
1852;Р5320;4;1;36;Егоза;4
1853;Р5543;2;1;24;Щелкунчик;2
1854;Р7042;1;1;24;Бармалей;1
1855;Р7319;1;1;12;Снежный бал;1
1856;Р7485;1;1;12;Золотые бубенцы;1
1857;Р7492;1;1;12;Снегурочка;1
1858;Р7514;1;1;4;Король вечеринок;1
1859;Р7904;1;1;4;Салют Столичный;1
1860;PC782;1;1;2;Волшебная ночь;1
1861;PC844;1;1;4;Китеж-град;1
1862;PC846;1;1;2;Фортуна;1
1863;PC861;1;1;1;Салют Фаберже;1
1864;ЕС501;1;1;4;За Новый Год!;1
1865;РК053;1;1;2;Новогодний салют;1
1866;РК073;1;1;4;Зимнее царство;1
1867;СВ222;1;1;4;Зуб даю;1
1868;СВ240;1;1;2;Большой куш;1
1869;РК080;1;1;4;Новогод. ярмарка;1
1870;Р8261;1;1;2;Шик и блеск;1
1871;СВ231;1;1;2;На абордаж;1
1872;С204;1;1;4;Фейерверк-49;1
1884;D0440;1;1;1;Свеча бенг. 400 мм;1
1885;D0440;1;1;1;Свеча бенг. 400 мм;1
1887;PD7048;1;1;24;Стронций;1
1888;PD7061;1;1;16;Краски в небо;1
1889;PD7049;1;1;18;Поэма;1
1890;PD7051;1;1;24;КрезиБоб;1
1891;PD7062;1;1;16;Салютница;1
1892;PD7067;1;1;16;Добрый Ээх;1
1893;PD7068;1;1;16;Кругосветка;1
1894;РС914;1;1;1;Для уваж. людей;1
1895;ЕС187;1;1;4;Кот в мешке;1
1896;ЕС200;1;1;4;Сидней;1
1897;ЕС204;1;1;4;Профессионал;1
1898;А7031;1;1;8;Посиделки у елки;1
1899;ЕС206;1;1;4;С Новым Годом!;1
1901;ЕС208;1;1;4;Контрабанда;1
1902;А7034;1;1;6;Яркое зрелище;1
1903;ЕС231;1;1;4;Moskow never sleep;1
1904;ЕС233;1;1;4;Эйфелева башня;1
1905;А7037;1;1;16;Пять звезд;1
1907;ЕС237;1;1;4;Вечеринка удалась;1
1908;ЕС283;1;1;2;Монте-Карло;1
1909;А7100;1;1;8;Рождест. сказки;1
1910;А7305;1;1;4;Праздник;1
1911;ЕС305;1;1;2;РуСалют;1
1912;ЕС330;1;1;2;1000 и 1 ночь;1
1913;А7306;1;1;4;Созвездие Скорпион;1
1914;ЕС384;1;1;2;Спецзаказ  290;1
1915;ЕС385;1;1;2;Срецзаказ 256;1
1916;РС656;1;1;2;США;1
1917;А7426;1;1;4;Лебединое озеро;1
1918;А7503;1;1;2;Подарок;1
1919;А7527;1;1;2;Старый Новый год;1
1920;А7601;1;1;1;Легенда;1
1921;А7620;1;1;1;Сочи;1
1922;А7645;1;1;1;Созвездие Пегас;1
1923;А7707;1;1;1;Китайская стена;1
1924;А7390;1;1;4;Белые ночи;1
1925;А7450;1;1;4;Карусель;1
1926;Р4515;1;1;16;Люблю;1
1927;Р8312;1;1;1;Мировой салют;1
1928;РС023;10;10;50;Команда Корсара-3;10
1929;РС241;4;1;16;Кассиопея;4
1930;РС458;1;1;24;Грибная семейка;1
1931;РС490;1;1;12;Рождеств. домик;1
1932;РС570;1;1;18;Южный крест;1
1933;РС572;1;1;18;Гончие псы;1
1934;РС600;1;1;24;Адреналин;1
1935;РС602;1;1;36;Весёлый пиротех.;1
1936;РС603;1;1;36;Мистер Х;1
1937;РС607;1;1;24;Не тормози!;1
1938;РС690;1;1;12;Карамболь;1
1939;РС691;1;1;40;Чувачок;1
1940;РС693;1;1;40;Пиро-лайт;1
1941;РС730;1;1;6;Медный всадник;1
1942;ТС580;1;1;40;Киндер-салют;1
1943;Р5900;1;1;8;Сказочная феерия;1
1944;Р7132;1;1;24;Хит;1
1945;999999;1;1;1;Доставка;1
1946;ТС862;1;1;2;Время чудес;1
1947;SF-399;1;1;12;ROMAN CANDLE;1
1948;977;10;10;500;Бенг. Свечи 16 см.;10
1949;GW218-90;1;1;36;Dark worlock;1
1950;MC122;1;1;4;MAKIN MAGIC;1
1951;МС135;1;1;4;FURIOUS;1
1952;МС141;1;1;2;MOVING PAINTER;1
1953;GWM5046;1;1;30;COLOURFUL FIRE.;1
1954;GWM5047;1;1;30;GORGEOUSNESS;1
1955;MC136;1;1;4;SHATER;1
1956;BS13-002;1;1;10;GOLDEN COLL.;1
1957;GWM5032;1;1;8;DEEP RED;1
1958;GWM5034;1;1;8;SPLENDID RIVER;1
1959;MC118;1;1;4;EASTER;1
1960;MC150-25B;1;1;4;EXCLUSIVE NIGHT;1
1961;MC175-19;1;1;4;SHADOW LADY;1
1962;GWL-0012B;1;1;24;Roman candle;1
1963;GWL-0012C;1;1;24;Roman candle;1
1964;ТР165;6;1;200;Свеча бенг. 160;1
1965;TXB211;1;1;24;Овен;1
1966;РС599;1;1;24;ПироСелфи;1
1967;РС668;1;1;1;Ассорти-салют;1
1968;РС701;1;1;12;Каламбур;1
1969;РС817;1;1;4;Улыбка радуги;1
1970;РС826;1;1;4;Россия, вперёд!;1
1971;РС679;1;1;15;Ванька-Встанька;1
1972;ТС651;1;1;12;Зимняя ночь;1
1973;Е-С340;1;1;4;Салют игристый;1
1974;Е-С476;1;1;4;Гуляем!;1
1975;Е-С710;1;1;3;Новогодний;1
1976;Е-С728;1;1;2;Пятница;1
1977;Р1710;4;1;36;Лимонка дымовая;4
1978;Р1810;1;1;50;Факел цв. красный;1
1979;Р1811;1;1;50;Факел цв. синий;1
1980;Р1812;1;1;50;Факел цв. зелёный;1
1981;Р5080;12;1;36;Римская свеча-30;12
1982;Р6750;1;1;24;Самоцветы;1
1983;Р7012;1;1;16;Золотой фазан;1
1984;Р7020;1;1;24;Малибу;1
1985;Р7230;1;1;12;Ва-банк!;1
1986;Р7314;1;1;12;Сомбреро;1
1987;Р7318;1;1;8;Салют-компания;1
1988;Р7364;1;1;2;Отдыхаем хорошо!;1
1989;Р7452;1;1;6;Праздник приходит;1
1990;Р7524;1;1;4;Русская тройка;1
1991;Р7526;1;1;2;Шумный праздник;1
1992;Р7530;1;1;4;Искандер;1
1993;Р7555;1;1;8;Полёт Валькирий;1
1994;Р7863;1;1;3;Рождест. сказка;1
1995;Р7884;1;1;4;Гуляй, страна!;1
1996;Р7958;1;1;3;ПВО;1
1997;Р8170;1;1;2;Чудеса в небесах;1
1998;БСК0236910-12;1;1;1;Пальмира;1
1999;БСК0236910-12;1;1;1;Пальмира;1
2000;БСК0236910-12;1;1;1;Пальмира;1
2001;БСК0105410;1;1;4;Грёзы Дриады;1
2002;БСК0105310;1;1;4;Маэстро;1
2003;БСК1103210;1;1;4;Беркут;1
2004;БСП0630010;1;1;1;Колизей;1
2005;БСК0627012;1;1;1;Карелия;1
2006;А7434;1;1;4;На счастье;1
2007;А7436;1;1;4;Мадагаскар;1
2008;А7501;1;1;4;Снежный замок;1
2009;А7502;1;1;4;Соколиная охота;1
2010;А7511;1;1;2;Снежная леди;1
2011;Р7842;1;1;4;Огненный рубеж;1
2012;Р8585;1;1;1;Огнен. панорама;1
2013;Р8631;1;1;1;Сияние севера;1
2014;Р8276;1;1;2;Мой генерал;1
2015;Р8360;1;1;1;Городской салют;1
2016;БСП1704910;1;1;4;Ассоль;1
2017;БСП0502512;1;1;4;Какаду;1
2018;EC219;1;1;2;Русалют;1
2019;EC220;1;1;2;Контрабанда;1
2020;EC221;1;1;2;Блестящий;1
2021;ЕС223;1;1;2;Мармелад;1
2022;ЕС226;1;1;2;Бахчисарай;1
