Артикул;Номер. Наименование;Ед. изм.;Кол-во ед.изм.;Склад
K0202-1;K0202-1 К0202Петарды (1уп-20шт.) ТЕРОЧНЫЕ;бл.;5;3
Р1600;Р1600 Корсар 6 (O20 мм х 78 мм);уп.;14;3
Р1106;Р1106 Корсар-1 (20х12х60);бл.;8;3
Р1710;Р1710 Лимонка дымовая с чекой (ассорти: красный, синий,;уп.;9;3
РС123;РС123 Корсар-3 (3 баха терочный);бл.;13;3
K00208;K00208 Ахтунг (уп. 3 шт.) ТЕРОЧНЫЕ;уп.;26;3
K00204;K00204 Ахтунг (уп. 12 шт.) ТЕРОЧНЫЕ;бл.;4;3
TXP082;TXP082 ПЕТАРДЫ U2601 Душки (бертолетова соль);бл.;4;3
TXP384;TXP384 Трескучий гром (уп. 20 шт.) ФИТИЛЬНЫЕ;уп.;20;3
Р1082;Р1082 Корсар 8 (оформлен для штучной продажи);уп.;8;3
Р2010;Р2010 Пугач (25х12х12);бл.;16;3
РС220;РС220 Ариэль (набор ракет, шесть разных эффектов);уп.;16;3
Р3200;Р3200 Акробат;уп.;20;3
РС149;РС149 Корабль пришельцев (летающая вертушка);уп.;4;3
Р3020;Р3020 Мотылек (16х10х12);бл.;9;3
Р3110;Р3110 Лунный цветок (уменьшена фасовка);уп.;6;3
РС144;РС144 Майский жук (летающая вертушка);уп.;2;3
Р6780;"Р6780 Торт с сюрпризом (фонтан + 12 выстрелов; 4 C50:D85эффекта";шт.;2;3
Р4114;"Р4114 Весёлый вулкан (конус 11"")";уп.;1;3
Р4213;Р4213 Чародей НОВЫЙ ЭФФЕКТ;шт.;5;3
Р4320;Р4320 Шахерезада;шт.;1;3
Р4512;Р4512 Золотой скарабей;шт.;1;3
Р6720;Р6720 Салют-проказник (фонтан + 6 выстрелов 3 эффекта);шт.;4;3
Р6750;Р6750 Самоцветы (фонтан + бурачный салют);шт.;2;3
РС171;РС171 Зашибись (фонтан + 12 залпов салюта);шт.;2;3
РС172;"РС172 салют+фонтан ""Лакшери"" 3 фонтана + 12 залпов";шт.;1;3
РС680;"РС680 Неваляшка (1,75""x 6)";шт.;3;3
РС679;"РС679 Ванька-Встанька (1,5""х 6 шаров с разн. эффектами)";шт.;1;3
ТР107;"ТР107 Хлопушка ""Супер"" с сюрпризом";уп.;18;3
ТР108;"ТР108 Хлопушка ""Супер с серпантином""";уп.;20;3
Р9100;"Р9100 Праздничная (100 см; цв. бум. серп.)";шт.;5;3
Р9034;"Р9034 Праздничная (30 см; конф + ден.купюры)";шт.;5;3
Р9064;"Р9064 Праздничная (60 см; конф + ден.купюры)";шт.;5;3
Р9020;"Р9020 Пружинная хлопушка (21 см; метал. конфетти)";шт.;20;3
Р9062;"Р9062 Свадебная (60 см; бум. сердца)";шт.;9;3
Р9063;"Р9063 Свадебная (60 см; Сердца + лепестки роз)";шт.;8;3
Р5604;"Р5604 Баккара (1,0""х 8)";уп.;2;3
Р5542;"Р5542 Ламбада (0,8""х8) НОВЫЙ ЭФФЕКТ";уп.;3;3
Р5606;"Р5606 Примадонна (1,0""х 8)";уп.;3;3
Р5602;"Р5602 Стрелец (1,0""х 8)";уп.;2;3
РС517;"РС517 Вишнёвое варенье (1,0""х 5)";уп.;7;3
РС508;"РС508 Дамский каприз (0,8""x 5)";уп.;2;3
РС554;"РС554 Зимние потешки (0,8""х 6)";уп.;2;3
РС532;"РС532 Золотая рыбка (1,2""х 5)";шт.;6;3
РС742;"РС742 Ледяные узоры (1,0""х 48) МОДУЛЬ";шт.;2;3
РС533;"РС533 Мир фиалок (1,2""х 5)";шт.;5;3
РС521;"РС521 Мишура на ура (1,0""x 8)";уп.;3;3
РС507;"РС507 На абордаж (0,8""x 5)";уп.;3;3
РС520;"РС520 Новогодний оливье (1,0""x 8)";уп.;2;3
РС542;"РС542 Праздник ёлки (1,5""х6)";шт.;4;3
РС519;"РС519 Снежный вальс (1,0""х6)";уп.;3;3
РС500;"РС500 Танец огня (0,8""x 8)";уп.;2;3
РС501;"РС501 Фуэтэ (0,8""x 8)";уп.;2;3
РС572;РС572 Гончие псы (связка римских свечей);шт.;3;3
ФДБ;ФДБ Факел дымовой белый;уп.;2;3
ФДЖ;ФДЖ Факел дымовой желтый;уп.;1;3
ФДК;ФДК Факел дымовой красный;уп.;1;3
ФДО;ФДО Факел дымовой оранжевый;уп.;2;3
ФДС;ФДС Факел дымовой синий;уп.;2;3
ТР151;ТР151 Бенг. свечи 400 прямоугольная;уп.;10;3
ТР155;ТР155 Бенг. свечи 170;уп.;175;3
TXB093;"TXB093 ROYAL, 50 сек. (1,20""х25)";шт.;2;3
А7426;"А7426 Лебединное Озеро (1,25""х46)";шт.;1;3
А7424;"А7424 Ящик пандорры (1,25""х37)";шт.;2;3
А7408;"А7408 Любит не Любит (1,25""х36)";шт.;2;3
РС703;"РС703 Одноклассники! (1,0""х 12)";шт.;1;3
Р7360;"Р7360 12 месяцев (1,25""х 16)";шт.;1;3
Р7513;"Р7513 Амазонка (1,0"" х 49)";шт.;3;3
С073;"С073 Андреевский Стяг (1-1,2-1,5"" x 35)";шт.;1;3
Р7547;"Р7547 Бой курантов (1,25""х 12)";шт.;2;3
Р7926;"Р7926 Босс (1,25""х 49)";шт.;1;3
С076;"С076 Вечерний Рыбинск (0,8-1-1,2"" x 54)";шт.;2;3
Р7822;"Р7822 Волшебный фейерверк (1,25""х 48)";шт.;1;3
Р7463;"Р7463 Диковинка (1,0""х 16)";шт.;6;3
Р7485;"Р7485 Золотые бубенцы (1,0""х 20) НОВЫЙ ЭФФЕКТ";шт.;7;3
С034;"С034 Крестоносцы (1,2"" x 36)";шт.;1;3
Р4515;Р4515 Люблю;шт.;1;3
Р6210;"Р6210 Матрёшка ( 1,7"" x 6 )";шт.;1;3
Р7071;"Р7071 Мороз трескучий (0,8""х 16)";шт.;9;3
С059;"С059 Мультимедийный Фейерверк (1-1,2"" x 52)";шт.;1;3
Р7495;"Р7495 Новогодняя затея (1,0""х 40; 20 эффектов)";шт.;1;3
С067;"С067 Олимпийский (1-1,2"" x 52)";шт.;1;3
Р7528;"Р7528 Пальцы веером (0,8"" х 25)";шт.;1;3
Е-С440;"Е-С440 Полный песец (1,0""х 19)";шт.;2;3
Р7863;"Р7863 Рождественская сказка (36: 1,0""х 24; 1,6""х12)";шт.;1;3
Р7524;"Р7524 Русская тройка (1,0"" х 49)";шт.;2;3
С093;"С093 Саратов Зажигает (1,2"" x 25)";шт.;1;3
Р7525;"Р7525 Сказка на ночь (1,0""х 48)";шт.;1;3
Р7612;"Р7612 Три медведя (1,25""х 16)";шт.;2;3
Р7593;"Р7593 У Дачи (1,25""х 19) МОНОБЛОК";шт.;2;3
Р7670;"Р7670 Хард-рок (1,25""х 20) МОНОБЛОК";шт.;1;3
РС834;"РС834 3Д:Зазеркалье (1,2""х 36)";шт.;1;3
РС716;"РС716 3Д:Зимний праздник (1,0""х 20)";шт.;1;3
ТС752;"ТС752 В тренде… (1,0""х 36)";шт.;2;3
РС769;РС769 Вкус Нового года (1,0х 88, веерные залпы);шт.;2;3
ТС751;"ТС751 Госпожа Метелица (1,0""х 36)";шт.;1;3
РС722;"РС722 Жемчужное сияние (1,0""х 25) МОДУЛЬ";шт.;2;3
ТС730;"ТС730 Зимние узоры (1,0""х 19) МОДУЛЬ";шт.;5;3
ТС610;"ТС610 Золотая рыбка (0,8""х 10)";шт.;24;3
РС604;"РС604 Йоулупукки (финский дед Мороз) (0,8""х 16)";шт.;25;3
РС727;"РС727 Каменные джунгли (1,0""х 36) МОДУЛЬ";шт.;6;3
ТС630;"ТС630 Конек-Горбунок (0,8""х 19)";шт.;2;3
РС811;"РС811 Круче не бывает! (1,2""х 19) МОДУЛЬ";шт.;2;3
РС611;"РС611 Мальчишник (0,8""х 25)";шт.;2;3
РС616;"РС616 Маугли (0,8""х 10)";шт.;2;3
РС603;"РС603 Мистер Х (0,8""х 10)";шт.;30;3
РС760;"РС760 Небесные сферы (1,0""х 64)";шт.;1;3
ТС772;"ТС772 Новогодний корпоратив (1,0""х 80) МОДУЛЬ";шт.;1;3
РС805;"РС805 Ночное рандеву (1,2""х 16) МОДУЛЬ";шт.;2;3
РС810;"РС810 С Новым Годом! (1,2""х 19) МОДУЛЬ";шт.;2;3
ТС742;"ТС742 С Новым годом! (1,0""х 25) МОДУЛЬ";шт.;1;3
РС615;РС615 С новым счастьем! (0,8х 25);шт.;5;3
РС824;"РС824 Симфония огня (1,2""х 25) МОДУЛЬ";шт.;3;3
РС726;"РС726 Сказочный лес (1,0""х 36) МОДУЛЬ";шт.;1;3
ТС642;"ТС642 Снегири, МОДУЛЬ (0,8""х 25)";шт.;2;3
РС741;"РС741 Старый Новый год (1,0""х 49)";шт.;2;3
РС702;"РС702 Ура! Каникулы! (1,0""х 10)";шт.;2;3
ТС832;"ТС832 Хвоя и мандарины (1,2"" х 19) МОДУЛЬ";шт.;2;3
РС614;"РС614 Юный Дедморозовец (0,8""х 25) МОДУЛЬ";шт.;2;3
РС723;"РС723 Искристая сказка (1,0""х 25) МОДУЛЬ";шт.;2;3
Е-С215;Е-С215 Будем! (0,8''x10);шт.;24;3
Е-С268;Е-С268 Новогод (0,8''x25);шт.;2;3
Р7045;"Р7045 Бинго (0,8""х 9)";шт.;1;3
Р7072;"Р7072 Банзай (0,6""х 16) НОВЫЙ ЭФФЕКТ";шт.;1;3
Р7132;"Р7132 Хит (0,8""х 6) 3 эфф";шт.;28;3
Р7165;"Р7165 Джокер (0,8""х 9) 4 эфф";шт.;27;3
Р7200;"Р7200 Текила-бум (0,8""х 12) 3 эфф";шт.;2;3
Р7342;"Р7342 Встречайте (1,0"" х 16)";шт.;4;3
Р7453;"Р7453 Мандаринка (1,0""х 8)";шт.;7;3
Р7473;"Р7473 Павлин (1,0""х 19) МОНОБЛОК";шт.;1;3
Р7502;"Р7502 Мороз-Красный нос (1,0""х 35)";шт.;1;3
РС599;"РС599 ПироСелфи (0,8"" х 10)";шт.;2;3
РС600;"РС600 Адреналин (0,8""х 7)";шт.;15;3
РС602;"РС602 Весёлый пиротехник (0,8""х 9)";шт.;33;3
РС610;"РС610 Даёшь молодёжь! (0,8""х 25) МОДУЛЬ";шт.;2;3
РС620;"РС620 Радость общения (0,8""х 37)";шт.;13;3
РС623;"РС623 Гламур и богема (0,8""х 49)";шт.;1;3
РС659;"РС659 3Д:Небесная феерия (0,8""х 100)";шт.;1;3
D7550;"D7550 Веселый салют (1""х25)";шт.;4;3
GWM5034;"GWM5034 SPLENDID RIVER(1,2"" х 19)";шт.;4;3
MC122;"MC122 MAKIN MAGIC (0,8"" х 80)";шт.;2;3
TXB644;"TXB644 COLOR PEONY, 26 сек (0.80"" x 25)";шт.;1;3
А7437;"А7437 Война миров (модуль) (1""х49)";шт.;2;3
А7450;"А7450 Карусель (1""х49)";шт.;2;3
А7535;"А7535 Новогодняя вечеринка (1""х100)";шт.;2;3
ЕС223;"ЕС223 Мармелад (1,0"" х 56)";шт.;2;3
Р7456;"Р7456 Двое из ларца (1,0""х 10)";шт.;4;3
D7282;"D7282 Матрёшка (1,0""х 16)";шт.;4;3
РС707;"РС707 Для милых дам (1,0""х 19) МОДУЛЬ";шт.;6;3
РС717;"РС717 Пенальти (1,0"" х 25)";шт.;2;3
РС819;"РС819 Салют молодежи! (1,2""х 25) МОДУЛЬ";шт.;2;3
ТС831;"ТС831 Брызги шампанского (1,2"" х 19)";шт.;3;3
РС706;РС706 Сказочный сон;шт.;7;3
Р7065;Р7065 Морозушко;шт.;10;3
Р7012;Р7012 Золотой фазан;шт.;6;3
Р7326;Р7326 Краски жизни;шт.;1;3
ТС682;"ТС682 Рождественский (0,8""х 100) МОДУЛЬ";шт.;1;3
РС581;"РС581 Цветные кометы (0,6"" х 36)";шт.;2;3
РС580;"РС580 Волшебные стрелы (0,6"" х 36)";шт.;1;3
РС250;РС250 Андромеда;уп.;1;3
РС251;РС251 Сверхновая (со складным стабилизатором);уп;2;3
ТС643;ТС643 Снегопарни (0,8х25);шт.;5;3
РС704;РС704 Северное сияние (1,х13);шт.;18;3
Р7311;Р7311 Сорвиголова (0,8х 25);шт.;11;3
РD7049;РD7049 Поэма (0,6 х 16);шт.;9;3
Р6260;Р6260 БомбардирЪ (2,0 х 6);шт.;3;3
РС240;РС240 Сириус (набор ракет, четыре разных эффекта);уп.;1;3
РС241;РС241 Кассиопея (набор ракет, четыре разных эффекта);уп.;1;3
РС245;РС245 Земля - воздух (набор ракет);уп.;2;3
РС252;РС252 Ярость огня (набор ракет);уп.;1;3
РС260;РС260 РВСН (батарея ракет: 12 стартов);шт.;2;3
Р5541;"Р5541 Хохлома (0,8""x 8) НОВЫЙ ЭФФЕКТ";уп.;1;3
РС530;"РС530 Новогодний калейдоскоп (1,2""x 8)";уп.;5;3
РС531;"РС531 Снеговик-затейник (1,2""x 8)";уп.;4;3
РС534;"РС534 Стрелы Купидона (1,2"" х 5)";уп.;3;3
БСП0204918;"БСП0204918 Танжер (1,8"" х 49)";шт.;1;3
Р7460;"Р7460 Крутые перцы (1,0""х 13) МОНОБЛОК";шт.;4;3
Р7492;"Р7492 Снегурочка (1,0""х25)";шт.;5;3
Р7494;"Р7494 Снежная сказка (1,0""х 25) НОВЫЙ ЭФФЕКТ";шт.;1;3
Р7536;Р7536 Корпоративка (1,0х 88);шт.;1;3
Р7563;"Р7563 Красный старт (1,25""х 16) 4 эфф, 2 уровня";шт.;1;3
Р7591;"Р7591 С Рождеством! (1,25""х 19) МОНОБЛОК";шт.;2;3
Р8272;"Р8272 Птица-тройка (78: 1,25"" 2,0"")";шт.;3;3
РС622;"РС622 3Д:Сугробы смеха (0,8""х 36)";шт.;2;3
РС665;"РС665 Новогоднее приключение (0,8""х 150)";шт.;1;3
РС836;"РС836 ВКС: Высоко.Красиво.Стильно. (1,2""х 36) МОДУЛЬ";шт.;1;3
РС842;"РС842 Гранатовый браслет (1,2""х 49)";шт.;2;3
СВ240;"СВ240 Большой куш (1,8"" х 28)";шт.;1;3
ТС651;"ТС651 Зимняя ночь (0,8"" х 36)";шт.;19;3
РС018;РС018 Команда корсара Моргана 1 (30х20х12);бл.;40;3
TXF748-A;TXF748-A бнгальские свечи 28см;уп.;600;3
BS13-002;"BS13-002 GOLDEN COLLECTION (1C199:C199:F232F218,2"" х 13)";шт.;9;3
GP475;"GP475 ANGRY TIGER (1,0""х 15)";шт.;16;3
GWM5047;"GWM5047 GORGEOUSNESS (1"" х 7)";шт.;13;3
TXB070;"TXB070 PLUS+ , 16 сек (0.80"" x 16)";шт.;7;3
TXB171;"TXB171 TREE COLOURS, 20 сек (1.00"" x 16)";шт.;33;3
TXB172;"TXB172 COCO, 38 сек (1.00"" x 25)";шт.;12;3
TXB173;"TXB173 NIGHT AURA , 34 сек (1.00"" x 25)";шт.;1;3
TXB211;"TXB211 Овен (0,8"" х 16)";шт.;23;3
TXB280C;"TXB280C BATTLEFIELD, (1.20"" x 13)";шт.;22;3
TXB389;"TXB389 SILVER DRAGON, 24 сек (1.00"" x 25)";шт.;12;3
TXB497;"TXB497 HAPPY HOLIDAY, 16 сек (1.20"" x 10)";шт.;8;3
TXB821;"TXB821 YELLOW PURPLE PEONY, 15сек (0.80"" x 9)";шт.;40;3
Р7010;"Р7010 Ананас (0,6""х 12) 3 эфф";шт.;30;3
Р7020;"Р7020 Малибу (0,7""х 20) 5 эфф";шт.;23;3
Р7482;"Р7482 Час Пик (1,0""х 16)";шт.;12;3
РС621;"РС621 Столичные дворики (0,8""х 48) МОДУЛЬ";шт.;6;3
РС701;"РС701 Каламбур (1,0"" х 8)";шт.;12;3
РС705;"РС705 Счастье моё...(1,0"" х 16)";шт.;32;3
РС715;"РС715 Юниор (1,0""х 25)";шт.;8;3
РС716;"РС716 3Д:Зимний праздник (1,0""х 20)";шт.;11;3
РС725;"РС725 Жизнь удалась! (1,0""х 36) МОДУЛЬ";шт.;8;3
РС729;"РС729 Новогодние амазонки (1,0"" х 36) МОДУЛЬ";шт.;5;3
РС817;"РС817 Улыбка радуги (1,2"" х 25) МОДУЛЬ";шт.;4;3
ТС652;"ТС652 Цветущая сакура (0,8""х 36) МОДУЛЬ";шт.;9;3
РС455;РС455 Коварная Мэри;шт.;1;3
РС471;РС471 Цветок папортника;шт.;3;3
РС492;РС492 Дружба народов;шт.;1;3
РС478;РС478 Мир для двоих;шт.;2;3
РС484;РС484 Снежный человек;шт.;1;3
РС473;РС473 СнегоМан;шт.;1;3
Р4320;Р4320 Шахерезада;шт.;1;3
Р4350;Р4350 Ёлка;шт.;5;3
